,id,filenames_list
0,1031760,"['Bacon,_Francis_-_Instauratio_magna__London_1620_pdf.txt']"
1,1085290,"['Linden,_Johannes_Antonides_van_der_-_Lindenius_renovatus__Nuremberg_1686_pdf.txt']"
2,1285853,"['de_Conde,_Ioannes_Baptista_-_Aphorismi_seu_axiomata_Hippocratis_versu_heroico_explicata__Brussels_1647_pdf.txt']"
3,1285854,"['van_Poort,_Henricus_-_Hippocratis_Aphorismi_metrica_praphrasi_translati__Utrecht_1657_pdf.txt']"
4,1285855,"['Hippocrates_&_Denisot,_Gérard_-_Hippocratis_Aphorismis_versibus_Graecis_et_Latini_expositi__Paris_1634_pdf.txt']"
5,1285856,"['Hippocrates_&_Berigardus,_Petrus_-_Hippocratis_Aphorismi_rhytmici__Udine_1645_pdf.txt']"
6,1365811,['Acta_literaria_Sueciae__Vol__1__Uppsala_[1723–1725]_.txt']
7,1370560,"['Quensel,_Conrad_&_Eurodius,_Hans_-_De_lumine_nocturno_Boreali__Lund_1726.txt']"
8,1378359,"['Celsius,_Anders_-_Observationes_de_lumine_Boreali__Nuremberg_1733.txt']"
9,1424044,"['Bacci,_Andrea_&_Gabelkover,_Wolfgang_-_De_monocerote_seu_unicornu__Stuttgart_1598_pdf.txt']"
10,1461594,"['Ludwig,_Christian_Gottlieb_-_Aphorismi__botanici_in_usum_auditorum_conscripti__Leipzig_1738_pdf.txt']"
11,1479057,"['Agardh,_Carl_A__-_Aphorismi_botanici__Lund_1817-1826_pdf.txt']"
12,1509197,['Philosophiae_Naturalis_Principia_Mathematica_1726_pdf.txt']
13,1509290,"['Newton,_Isaac_-_Philosophiae_naturalis_principia_mathematica__London_1726_pdf.txt']"
14,1526071,"['Leibniz,_Gottfried_Wilhelm_-_Tentamen_de_motuum_coelestium_causis_Leipzig_1689_pdf.txt']"
15,1528734,"['Anonymus_20_–_Review_of_Isaaci_Nevvton,_Philosophiae_naturalis_principia_mathematica_–_Acta_eruditorum__Leipzig_1688_pdf.txt']"
16,1567826,"['Newton,_Isaac_-_Philosophiae_naturalis_principia_mathematica__London_1713.txt']"
17,597675,"['Lhuyd,_Edward_-_Epistola_de_fossilium_marinorum_origine_ad_Joannem_Raium__London_1699.txt']"
18,597737,"['Libavius,_Andreas_-_Alchemia_Libavii__Frankfurt_am_Main_1597.txt']"
19,597799,"['Cesi,_Bernardo_-_Mineralogia__Lyon_1636.txt']"
20,598104,"['Agricola,_Georg_-_Bermannus__Basel_1530.txt']"
21,598116,"['Sturm,_Johann_Christoph_&_Lochner,_Jacob_Hieronymus_-_De_terrae-motibus__Altdorf_1670.txt']"
22,598518,"['Malpighi,_Marcello_-_Anatome_plantarum__London_1675-79.txt']"
23,599651,"['Le_Febvre,_Francois_Antoine_-_Terrae-motus__Paris_1704.txt']"
24,599653,"['Gessner,_Conrad_-_Nomenclator_aquatilium_animantium__Zurich_1560.txt']"
25,599722,"['Alessandrini,_Giulio_-_De_medicina_et_medico_dialogus__Zurich_1557_pdf.txt']"
26,599723,"['Alpino,_Prospero_-_De_balsamo_dialogus__Venice_1591_pdf.txt']"
27,599724,"['Bembo,_Pietro_-_De_Aetna__Venice_1496_pdf.txt']"
28,599725,"['Boulliau,_Ismael_-_Philolaus__Amsterdam_1639_pdf.txt']"
29,599726,"['Cordus,_Euricius_-_Botanologicon__Cologne_1534_pdf.txt']"
30,599727,"['Faenzi,_Valerio_-_De_montium_origine__Venice_1561_pdf.txt']"
31,599728,"['Nogarola,_Lodovico_-_De_Nilo__Venice_1552_pdf.txt']"
32,599729,"['Porzio,_Lucantonio_-_Erasistratus__Rome_1682_pdf.txt']"
33,604274,"['Polignac,_Melchior_de_-_Anti-Lucretius__Paris_1747_pdf.txt']"
34,604275,"['Sprengel,_Kurt_-_Dissertatio_de_Germanis,_rei_herbariae_patribus__Halle_(Saale)_1813_pdf.txt']"
35,604277,"['Housselle,_Karl_&_Anonymi_-_Pharmacopoea_Germanica__Berlin_1872_pdf.txt']"
36,604307,"['Lachmund,_Friedrich_-_De_ave_Diomedea__Amsterdam_1674_pdf.txt']"
37,604308,"['Griffet,_Claude_-_Cerebrum_carmen__Rouen_1727_pdf.txt']"
38,604309,"['Latomus,_Bartholomaeus_-_Factio_memorabilis_Francisci_ab_Siccingen_cum_Trevirorum_obsidione__Cologne_1523_pdf.txt']"
39,604311,"['Willis,_Thomas_-_Cerebri_anatome__London_1664_pdf.txt']"
40,604889,"['Müller,_Otto_-_Vermium_terrestrium_et_fluviatilium_historia__Leipzig_&_Copenhagen_1773__Vol__1_pdf.txt']"
41,604890,"['Flemyng,_Malcolm_-_Neuropathia__York_1740_pdf.txt']"
42,604891,"['Müller,_Otto_-_Vermium_terrestrium_et_fluviatilium_historia__Leipzig_&_Copenhagen_1774__Vol__2_pdf.txt']"
43,604892,"['Tazewell,_William_-_Vade-mecum_medicum__Paris_et_al__1798_pdf.txt']"
44,604893,"['Zamagna,_Bernardo_-_Navis_aeria__Rome_1768_pdf.txt']"
45,604894,"['Bernoulli,_Daniel_(II)_-_Vita_Danielis_Bernoulli__Basel_1787_pdf.txt']"
46,605034,"['Boisser_de_la_Croix_de_Sauvages,_Francois_-_Nosologia_methodica__Amsterdam_1763_pdf.txt']"
47,605035,"['Bergman,_Torbern_-_Opuscula_physica_et_chemica__Stockholm_et_al__1779-1790_pdf.txt']"
48,605036,"['Hell,_Maximilian_-_Observatio_transitus_Veneris__Vienna_1761_pdf.txt']"
49,605037,"['Linné,_Carl_von_-_Oratio_de_telluris_habitabilis_incremento__Leiden_1744_pdf.txt']"
50,605038,"['Mauchart,_Burchard_David_&_Haug,_Philipp_Adam_-_Oculus_artificialis__Tübingen_1749_pdf.txt']"
51,605039,"['Ramazzini,_Bernardino_-_Oratio_antiquitatis_et_novitatis_studio_medicum_perfici__Modena_1705_pdf.txt']"
52,605239,"['Mercuriale,_Girolamo_-_De_arte_gymnastica_libri_sex__Venice_1573_pdf.txt']"
53,605240,['Descartes_René_-_De_homine__Leiden_1662_pdf.txt']
54,605241,"['Aselli,_Gaspare_-_De_lactibus__Basel_1628_pdf.txt']"
55,605285,"['Cappeller,_Moritz_Anton_-_Prodromus_crystallographiae__Luzern_1723_pdf.txt']"
56,605286,"['Hanov,_Michael_Christoph_&_Wolff,_Joannes_Leonhardus_-_Origo_mundi_ex_montibus_vallibusque__Danzig_1735_pdf.txt']"
57,605287,"['Jacquin,_Nikolaus_Joseph_von_-_Oxalis__Monographia__Vienna_et_al__1794_pdf.txt']"
58,605288,"['Lambergen,_Tiberius_-_Oratio_inauguralis_de_amico_historiae_naturalis_cum_medicina_connubio__Coulon_&_Willem__1751_pdf.txt']"
59,605289,"['Leibniz,_Gottfried_Wilhelm_-_Protogaea__Göttingen_1749_pdf.txt']"
60,605290,"['Leopold,_Christoph_&_Vian,_Christoph_-_Philosophia_historica_de_montibus__Innsbruck_1713_pdf.txt']"
61,605291,"['Mazzolari,_Giuseppe_Maria_-_Electricorum_libri_VI__Rome_1767_pdf.txt']"
62,605292,"['Scheuchzer,_Johann_Jakob_-_Praelectio_de_matheseos_usu_in_theologia__Zurich_1711_pdf.txt']"
63,605293,"['Stay,_Benedetto_-_Philosophiae_recentioris_versibus_traditae_libri_decem__Rome_1792_pdf.txt']"
64,605294,"['Tarillon,_Francois_-_Pulvis_pyrius__Paris_1704_pdf.txt']"
65,605910,"['Baron,_Hacinthe-Théodore_-_Quaestionum_medicarum_series_chornologica__Paris_1752-1763_pdf.txt']"
66,605911,"['Castillon,_Johann_-_De_vita_Isaaci_Newtoni_commentariolus__Lausanne_&_Geneva_1744_pdf.txt']"
67,605913,"['Hell,_Maximilian_&_Weinhart,_Ignaz_-_Elogium_Petri_Anich__Innsbruck_1768_pdf.txt']"
68,605914,"['Heyne,_Christian_Gottlob_-_Elogium_Rudolphi_Augustini_Vogel__Göttingen_1775_pdf.txt']"
69,605915,"['Krause,_Johann_Gottlieb_-_Vita_Flamstedii__Leipzig_1720_pdf.txt']"
70,605916,"['Mencke,_Friedrich_Otto_-_De_vita,_moribus,_scriptis_meritisque_Fracastorii__Leipzig_1731_pdf.txt']"
71,605917,"['Kies,_Johann_&_Rümelin,_Johann_Heinrich_-_Dissertatio_historico-mathematica_de_vita,_scriptis_et_inventis_Ioannis_Kepleri__Tübingen_1770_pdf.txt']"
72,605918,"['Scheuchzer,_Johann_Jakob_-_Bibliotheca_scriptorum_historiae_naturali_omnium_terrae_regionum_inservientium__Zurich_1716_pdf.txt']"
73,605919,"['Scheuchzer,_Johann_Jakob_-_ΟΥΡΕΣΙΦΟΙΤΗΣ_(Ouresiphoites)_Helveticus__Leiden_1723_pdf.txt']"
74,607707,"['Bernoulli,_Johann_-_De_motu_musculorum__Basel_1694_pdf.txt']"
75,607710,"['Cu_Cerceau,_Jean-Antoine_-_Papiliones__Rouen_1696_pdf.txt']"
76,607711,"['Du_Hamel,_Jean-Baptiste_-_De_meteoris_et_fossilibus__Paris_1660_pdf.txt']"
77,607713,"['Fabricius,_Johann_-_De_maculis_in_sole_observatis__Wittenberg_1611_pdf.txt']"
78,607714,"['Fermat,_Pierre_de_-_De_linearum_curvarum_cum_lineis_rectis__Toulouse_1660_pdf.txt']"
79,607715,"['Furichius,_Johannes_Nicolaus_-_Chryseidos_libri_IIII__Strasbourg_1631_pdf.txt']"
80,607716,"['Gilbert,_William_-_De_mundo__Amsterdam_1651_pdf.txt']"
81,607717,"['Horn,_Christoph_-_De_auro_medico_philosophorum__Frankfurt_am_Main_1615_pdf.txt']"
82,607718,"['Kirchmaier,_Georg_Kaspar_-_De_locustis_insolitis_dissertatio_epistolica__Wittenberg_1693_pdf.txt']"
83,607719,"['Major,_Johann_Daniel_-_Emblemata_de_purpura__Kiel_1671_pdf.txt']"
84,607720,"['Pardies,_Ignace_Gaston_-_A_Latin_Letter_containing_some_Animadversiones_upon_Mr__Isaac_Newton,_his_Theory_of_Light__London_1672_pdf.txt']"
85,607721,"['Rapin,_René_-_Hortorum_libri_IV__Paris_1665_pdf.txt']"
86,607722,"['Sartorius,_Johannes_-_De_montium_incendiis__Wittenberg_1680_pdf.txt']"
87,607723,"['Saumaise,_Claude_-_De_homonymis_hyles_iatricae__Utrecht_1689_pdf.txt']"
88,607724,"['Schenck,_Johann_Georg_-_Biblia_iatrica__Frankfurt_am_Main_1609_pdf.txt']"
89,607725,"['Spiegel,_Adriaan_van_de_-_De_humani_corporis_fabrica__Venice_1627_pdf.txt']"
90,607726,"['Strozzi,_Tommaso_-_Poemata_varia__Naples_1689_pdf.txt']"
91,607727,"['Thorius,_Raphael_-_Hymnus_tabaci__Leiden_1628_pdf.txt']"
92,607728,"['Vossius,_Isaac_-_De_motu_marium_et_ventorum__The_Hague_1663_pdf.txt']"
93,608625,"['Biese,_Nicolas_-_De_natura_libri_V__Antwerp_1573_pdf.txt']"
94,608626,['Anonymus_5_-_Enchiridion_medicinae__Basel_1573_pdf.txt']
95,608627,"['Dioscurides,_Pedanius_&_Barbarus,_Heromlaus_Iunior_-_De_materiali_medicina__Venice_1516_pdf.txt']"
96,608628,"['Fabricius_Montanus,_Johannes_-_Poemata__Zurich_1551_pdf.txt']"
97,608629,"['Falloppio,_Gabriele_-_De_morbo_Gallico__Venice_1574_pdf.txt']"
98,608630,"['Fernel,_Jean_-_De_naturali_parte_medicinae__Paris_1542_pdf.txt']"
99,608631,"['Fuchs,_Leonhart_-_Paradoxorum_medicinae_libri_III__Basel_1535_pdf.txt']"
100,608632,"['Gessner,_Conrad_-_De_raris_et_admirandis_herbis__Zurich_1555_pdf.txt']"
101,608633,"['Gessner,_Conrad_-_De_rerum_fossilium_figuris__Zurich_1565_pdf.txt']"
102,608634,"['Gilbert,_William_-_De_magnete__London_1600_pdf.txt']"
103,608635,"['Harchies,_Josse_de_-_Enchiridion_medicum__Basel_1573_pdf.txt']"
104,608636,"['Mizauld,_Antoine_-_De_mundi_sphaera__Paris_1552_pdf.txt']"
105,608637,"['Moffett,_Thomas_-_De_iure_et_praestantia_chymicorum_medicamentorum__Frankfurt_am_Main_1584_pdf.txt']"
106,608638,"['Mondella,_Luigi_-_Epistolae_medicinales__Basel_1543_pdf.txt']"
107,608640,"['Ruel,_Jean_-_De_natura_stirpium__Paris_1536_pdf.txt']"
108,608641,"['Simmler,_Josias_-_Vita_Conradi_Gesneri__Zurich_1566_pdf.txt']"
109,608642,"['Telesio,_Bernardino_-_De_mari__Venice_1590_pdf.txt']"
110,608643,"['Vadianus,_Joachim_-_Epitome_trium_terrae_partium__Zurich_1534_pdf.txt']"
111,616637,"['Agricola,_Georg_-_De_ortu_et_causis_subterraneorum_libri_V_____Basel_1546_pdf.txt']"
112,616638,"['Camerarius,_Joachim_-_Commentarii_utriusque_linguae__Basel_1551_pdf.txt']"
113,616639,"['Fernel,_Jean_-_De_abditis_rerum_causis__Paris_1548_pdf.txt']"
114,616640,"['Galenus_&_Maimonides,_Moses_-_Aphorismi_Rabi_Moysis_ex_Galeno_collecti__Basel_1579_pdf.txt']"
115,616641,"['Galenus_&_Winter,_Johann_-_De_anatomicis_administrationibus_libri_novem__Basel_1531_pdf.txt']"
116,616642,"['Grataroli,_Guglielmo_-_Alchemiae_quam_vocant_artisque_metallicae_doctrina__Basel_1571_pdf.txt']"
117,616643,"['Joostens,_Pâquier_-_Alea__Basel_1561_pdf.txt']"
118,616644,"['Ps_-Ptolemy_&_Pontano,_Giovanni_Gioviano_-_Commentarii_in_centum_Claudii_Ptolemaei_sententias__Basel_1531_pdf.txt']"
119,616645,"['Ramus,_Petrus_-_Arithmeticae_libri_duo,_geometriae_septem_et_viginti__Basel_1569_pdf.txt']"
120,616646,"['Vesalius,_Andreas_-_De_humani_corporis_fabrica__Basel_1543_pdf.txt']"
121,617654,"['Brożek,_Jan_-_In_Ptolemaeum_et_Copernicum_duo_naturae_miracula__Cracow_1618_pdf.txt']"
122,617655,"['Brożek,_Jan_-_In_duos_συγχρόνους_cosmographiae_ocellos__Cracow_1618_pdf.txt']"
123,617656,"['Brożek,_Jan_-_In_turrim,_quam_Copernicus_incolatu_suo_et_opere_revolutionum_ibi_confecto_illustrem_reddidit__Cracow_1618_pdf.txt']"
124,617657,"['Garulli,_Camillo_-_Hypothesis_copernicana,_Cometae_et_Elegiarum_monobiblos__Rome_1777_pdf.txt']"
125,617658,"['Hevelius,_Johannes_-_Mercurius_in_sole_visus_Gedani__Danzig_1662_pdf.txt']"
126,618462,"['Brumoy,_Pierre_-_De_arte_vitraria__Paris_1741_pdf.txt']"
127,618493,"['Cesalpino,_Andrea_-_De_plantis__Florence_1583_pdf.txt']"
128,623150,['Nova_Acta_Regiae_Societatis_Scientiarum_Upsaliensis__Vol__3_Uppsala_1861_pdf.txt']
129,623151,"['Gregorius,_de_Tipherno_-_De_astrologia_oratio_(Reden_und_Briefe_italienischer_Humanisten)_pdf.txt']"
130,623152,"['Haller,_Albrecht_von_-_Epistolae_ad_Albertum_Hallerum__Bern_1773__Vol__1_pdf.txt']"
131,623153,"['Haller,_Albrecht_von_-_Epistolae_ad_Albertum_Hallerum__Bern_1773__Vol__2_pdf.txt']"
132,623154,"['Haller,_Albrecht_von_-_Epistolae_ad_Albertum_Hallerum__Bern_1774__Vol__3_pdf.txt']"
133,623155,"['Haller,_Albrecht_von_-_Epistolae_ad_Albertum_Hallerum__Bern_1774__Vol__4_pdf.txt']"
134,623156,"['Haller,_Albrecht_von_-_Epistolae_ad_Albertum_Hallerum__Bern_1774__Vol__5_pdf.txt']"
135,623157,"['Haller,_Albrecht_von_-_Epistolae_ad_Albertum_Hallerum__Bern_1775__Vol__6_pdf.txt']"
136,6258072,[]
137,6258087,[]
138,630005,"['Borel,_Pierre_-_Bibliotheca_chimica__Paris_1654_pdf.txt']"
139,630006,"['Castro,_Pedro_de_-_Bibliotheca_medici_eruditi__Padova_1654_pdf.txt']"
140,631363,"['Linden,_Johannes_Antonides_van_der_-_De_scriptis_medicis_libri_duo__Amsterdam_1637_pdf.txt']"
141,631388,"['Dubois,_Jacques_-_Ordo_et_ordinis_ordinis_ratio_in_legendis_Hippocratis_et_Galeni_libris__Basel_1535_pdf.txt']"
142,632437,"['Bauhin,_Caspar_-_ΠΙΝΑΞ_(Pinax)_theatri_botanici__Basel_1623_pdf.txt']"
143,632438,"['Cappeller,_Moritz_Anton_-_Pilati_montis_historia__Basel_1767_pdf.txt']"
144,632439,"['Cardano,_Girolamo_-_Somniorum_Synesiorum_libri_quatuor__Basel_1562_pdf.txt']"
145,632441,"['Gross,_Johann_Georg_&_Brunn,_Johann_Jakob_von_-_Theoremata_philosophica_de_stella_magorum__Basel_1611_pdf.txt']"
146,632442,['Ibn_al-Haytham_et_al__-_Opticae_thesaurus__Basel_1572_pdf.txt']
147,632443,"['Negri,_Francesco_-_Rhetia_sive_de_situ_et_moribus_Rhetorum__Basel_1547_pdf.txt']"
148,632444,"['Nuñez,_Pedro_-_Petri_Nonii_Salaciensis_opera__Basel_1566_pdf.txt']"
149,632445,"['Pontano,_Giovanni_Gioviano_-_Carmina__Vol__1__Basel_1531_pdf.txt']"
150,632446,"['Rhellicanus,_Johannes_-_Homeri_vita_ex_Plutarcho_in_Latinum_tralata__Basel_1537_pdf.txt']"
151,635179,"['Erasmus,_Desiderius_-_Encomium_artis_medicae__Leuven_1518_pdf.txt']"
152,635706,"['Figulus,_Carolus_-_ΙΧΘΥΟΛΟΓΙΑ_(Ichthyologia)_seu_Dialogus_de_piscibus__Cologne_1540_pdf.txt']"
153,637738,"['Leoniceno,_Niccolò_-_De_Plinii_erroribus__Ferrara_1509_pdf.txt']"
154,637780,"['Gessner,_Conrad_-_Sanitatis_tuendae_praecepta__Zurich_1556_pdf.txt']"
155,640824,['Acta_eruditorum_1729__Leipzig_1729_pdf.txt']
156,640825,"['Taruffi,_Giuseppe_Antonio_-_Montgolferii_machina_volans__s__l__1784_pdf.txt']"
157,643408,['Nova_acta_Helvetica_physico-mathematico-anatomico-botanico-medica__Vol__I__Basel_1787_pdf.txt']
158,643448,"['Oudin,_François_-_Poemata_didascalia__Vol__2__Paris_1749_pdf.txt']"
159,643449,"['Oudin,_François_-_Poemata_didascalia__Vol__1__Paris_1749_pdf.txt']"
160,643450,"['Oudin,_François_-_Poemata_didascalia__Vol__3__Paris_1749_pdf.txt']"
161,648073,"['Füchsel,_Georg_Christian_-_Historia_terrae_et_maris__Erfurt_1761_pdf.txt']"
162,648164,['Acta_Helvetica_physico-mathematico-medica_pdf.txt']
163,652468,"['Camerarius,_Rudolf_Jakob_-_De_sexu_plantarum_epistola__Tübingen_1694_pdf.txt']"
164,652469,"['Fuchs,_Leonhart_-_Apologia_Leonardi_Fuchsii__Hagenau_1534_pdf.txt']"
165,652470,"['Hoffmann,_Friedrich_-_De_atheo_convincendo_ex_artificiosissima_machinae_humanae_structura__Halle_(Saale)_1694_pdf.txt']"
166,652471,"['Mayerne,_Théodore_Turquet_de_-_Apologia__La_Rochelle_1603_pdf.txt']"
167,652472,"['Melancthon,_Philipp_&_Milch,_Jacob_-_Oratio_de_consideranda_sympathia_et_antipathia_in_rerum_natura__Wittenberg_1550_pdf.txt']"
168,653294,"['Beughem,_Cornelis_à_-_Bibliographia_mathematica__Amsterdam_1688_pdf.txt']"
169,653295,"['Biancani,_Giuseppe_-_Aristotelis_loca_mathematica_ex_universis_ipsius_operibus_collecta_et_explicata__Bologna_1615_pdf.txt']"
170,653296,"['Borel,_Pierre_-_De_vero_telescopii_inventore__The_Hague_1655_pdf.txt']"
171,653297,"['Gassendi,_Pierre_-_Tychonis_Brahei_vita__Paris_1654_pdf.txt']"
172,653298,"['Lipenius,_Martin_-_Bibliotheca_realis_medica__Frankfurt_am_Main_1679_pdf.txt']"
173,655270,"['Giachini,_Leonardo_-_Quaestionum_naturalium_libellus__Lyon_1540_pdf.txt']"
174,655273,"['Kircher,_Athanasius_-_Itinerarium_exstaticum__Rome_1656_pdf.txt']"
175,655274,"['Persona,_Giovanni_Battista_-_Noctes_solitariae__Venice_1613_pdf.txt']"
176,657722,"['Kaau_Boerhaave,_Abraham_-_Declamatio_academica_de_gaudiis_alchemistarum__Leiden_1737_pdf.txt']"
177,657723,"['Kepler,_Johannes_-_Dissertatio_cum_nuntio_sidereo__Prag_1610_pdf.txt']"
178,657724,"['Commentarii_de_rebus_in_scientia_naturali_et_medicina_gestis__Vol__IX,_pars_I__Leipzig_1761_pdf.txt']"
179,657725,['Acta_eruditorum_1705__Leipzig_1705_pdf.txt']
180,657726,"['Bartholin,_Rasmus_-_Specimen_recognitionis_nuper_editarum_Observantionum_astronomicarum_Tychonis_Brahe__Copenhagen_1668_pdf.txt']"
181,657731,"['Eustachi,_Bartolomeo_-_Opuscula_anatomica__Leiden_1707_pdf.txt']"
182,657732,"['Major,_Johann_Daniel_&_Sachs_von_Lewenheimb,_Philipp_Jacob_-_Dissertatio_epistolica_de_cancris_et_serpentibus_petrefactis__Jena_1664_pdf.txt']"
183,657733,"['Petrus_Peregrinus_&_Gasser,_Achilles_Pirmin_-_Epistola_de_magnete__Augsburg_1558_pdf.txt']"
184,657734,"['Vossius,_Isaac_-_De_Nili_et_aliorum_fluminum_origine__The_Hague_1666_pdf.txt']"
185,657735,"['Breyn,_Johann_Philipp_-_Epistola_de_melonibus_petrefactis__Leipzig_1722_pdf.txt']"
186,658378,"['Argenterio,_Giovanni_-_De_somno_et_vigilia__Florence_1556_pdf.txt']"
187,658379,"['Bauhin,_Johann_&_Gessner,_Conrad_-_De_plantis_a_divis_sanctisve_nomen_habentibus__Basel_1591_pdf.txt']"
188,658380,"['Camerarius,_Rudolf_Jakob_&_Mauchart,_Joh__David_-_De_herba_mimosa_seu_sentiente__Tübingen_1688_pdf.txt']"
189,658381,"['Fuchs,_Leonhart_-_Errata_medicorum_recentiorum__Hagenau_1530_pdf.txt']"
190,658382,"['Monteux,_Sebastien_de_-_Annotatiunculae_in_errata_recentiorum_medicorum__Lyon_1533_pdf.txt']"
191,658512,"['Boerhaave,_Herman_-_Sermo_academicus_de_comparando_certo__Leiden_1715_pdf.txt']"
192,658513,"['Hortenisus,_Martinus_-_Oratio_de_dignitate_et_utilitate_matheseos__Amsterdam_1634_pdf.txt']"
193,658514,"['Speyert_van_der_Eyk,_Simon_-_Carmen_de_natura__Leiden_1810_pdf.txt']"
194,658515,"['Speyert_van_der_Eyk,_Simon_-_De_ingenii_humani_praestantia__Leiden_1808_pdf.txt']"
195,658534,"['Agricola,_Georg_-_De_re_metallica__Basel_1556_pdf.txt']"
196,658891,"['Boerhaave,_Herman_-_Sermo_academicus_de_chemia_suos_errores_expurgante__Leiden_1718_pdf.txt']"
197,659198,"['Nodari,_Antonio_-_Lusus_poeticus_anatomicus__Padova_1822_pdf.txt']"
198,659199,"['Radius,_Justus_-_Scriptores_ophthalmologici_minores__Vol__3__Leipzig_1830_pdf.txt']"
199,659200,"['Semmelweis,_Ignaz_Philipp_-_De_vita_plantarum__Vienna_1844_pdf.txt']"
200,659201,"['Zallinger_zum_Thurn,_Franz_Seraphin_von_-_Praelectiones_ex_physica_theoretica__Innsbruck_1805_pdf.txt']"
201,660341,"['Regiomontanus,_Johannes_-_Disputationes_contra_Cremonensia_deliramenta__Nuremberg_1475_pdf.txt']"
202,660342,"['Longueil,_Gilbert_de_-_Dialogus_de_avibus_et_earum_nominibus__Cologne_1544_pdf.txt']"
203,660343,"['Figulus,_Carolus_-_Dialogus_qui_inscribitur_botanomethodus__Cologne_1540_pdf.txt']"
204,660344,"['Cardano,_Girolamo_-_Ars_magna__Nuremberg_1545_pdf.txt']"
205,660345,"['Se̜dziwój,_Michał_-_Dialogus_Mercurii,_Alchymistae_et_Naturae__Cologne_1607_pdf.txt']"
206,662863,"['Amann,_Nils_Nilsson_-_Flora_Alpina__Uppsala_1756_pdf.txt']"
207,662865,"['Ekerman,_Petrus_&_Piscator,_Andreas_-_Dissertatio_academica_de_Cicerone_mathematico__Uppsala_1759_pdf.txt']"
208,662866,"['Gerstner,_Johann_Karl_Anton_-_Dissertatio_de_salubritate_aquae__Innsbruck_1756_pdf.txt']"
209,662867,"['Goens,_Daniel_van_-_Disputatio_philosophica,_an_luna_habitabilis_sit__Utrecht_1738_pdf.txt']"
210,662868,"['Hutton,_James_-_Dissertatio_inauguralis_de_sanguine_et_circulatione_microcosmi__Leiden_1749_pdf.txt']"
211,662869,"['Kies,_Johann_-_Dissertatio_physica_de_iride__Tübingen_1772_pdf.txt']"
212,662870,"['Mesmer,_Franz_Anton_-_Dissertatio_physico-medica_de_planetarum_influxu__Vienna_1766_pdf.txt']"
213,662871,"['Planch,_Alexius_Maria_-_Dissertatio_physico-historica_de_montibus__Augsburg_&_Innsbruck_1754_pdf.txt']"
214,662872,"['Quelmalz,_Samuel_Theodor_&_Crell,_Johann_Friedrich_-_Dissertatio_de_magnete__Gera_1723_pdf.txt']"
215,663923,"['Horrocks,_Jeremiah_&_Wallis,_John_-_Ieremiae_Horrocii_opera_posthuma__London_1673_pdf.txt']"
216,663924,"['Drechsler,_Johann_Gabriel_&_Rechtenbach,_Polycarb_Michael_-_De_sermone_brutorum__Erfurt_1706_pdf.txt']"
217,663925,"['Ittig,_Thomas_-_Lucubrationes_academicae_de_montium_incendiis__Leipzig_1671_pdf.txt']"
218,663926,"['Küssing,_Johann-Georg_&_Cernitz,_Gottfried_-_Exercitium_physicum_de_nive__Leipzig_1649_pdf.txt']"
219,663927,"['Linden,_Johannes_Antonides_van_der_-_Hippocrates_de_circuitu_sanguinis,_exercitatio_I__Leiden_1659_pdf.txt']"
220,663928,"['Lipenius,_Martin_&_Grünberg,_Nathanael_-_Orologia__Hildesheim_1684_pdf.txt']"
221,663929,"['Reinzer,_Franz_-_Meteorologia_philosophico-politica__Augsburg_1698_pdf.txt']"
222,663930,"['Salernus,_Iacobus_-_Positiones_physio-astronomicae__Naples_1682_pdf.txt']"
223,663951,"['Scheiner,_Christoph_-_Exegeses_fundamentorum_gnomonicorum__Ingolstadt_1615_pdf.txt']"
224,663952,"['Schoock,_Issac_-_Dissertatio_physica_de_nive_cum_rarissimis_adhaerentibus_quaestionibus_de_meteoris_aqueis__Frankfurt_an_der_Oder_1673_pdf.txt']"
225,664559,"['Belon,_Pierre_-_De_aquatilibus__Pairs_1553_pdf.txt']"
226,664561,"['Mattioli,_Pietro_Andrea_-_Compendium_de_plantis_omnibus__Venice_1571_pdf.txt']"
227,664562,['Nova_Acta_Regiae_Societatis_Scientiarum_Upsaliensis__Vol__3__Uppsala_1780_pdf.txt']
228,664563,"['Turner,_William_-_Avium,_quarum_apud_Plinium_et_Aristotelem_mentio_est,_historia__Cologne_1544_pdf.txt']"
229,668490,"['Baffi,_Giovanni_Battista_-_De_cometis_libri_tres__Perugia_1580_pdf.txt']"
230,668491,"['Baglivi,_Giorgio_-_De_praxi_medica_ad_priscam_observandi_rationem_revocanda__Rome_1696_pdf.txt']"
231,668492,"['Blumenbach,_Johann_Friedrich_-_De_generis_humani_varietate_nativa__Göttingen_1776_pdf.txt']"
232,668493,"['Bruno,_Giordano_-_De_innumerabilibus,_immenso_et_infigurabili__Frankfurt_am_Main_1591_pdf.txt']"
233,668494,['Commentationes_Societatis_Regiae_Scientiarum_Gottingensis_recentiores__Vol__16__Göttingen_1808_pdf.txt']
234,668495,"['Della_Porta,_Giambattista_-_De_humana_physiognomonia__Vico_Equense_1586_pdf.txt']"
235,668496,"['Du_Choul,_Jean_-_De_varia_quercus_historia__Lyon_1555_pdf.txt']"
236,668497,"['Favaro,_Antono_(ed_)_-_Le_opere_di_Galileo_Galilei__Vol_1__Florence_1890_pdf.txt']"
237,668499,"['Gessner,_Conrad_-_De_chirurgia__Zurich_1555_pdf.txt']"
238,668500,"['Grisogono,_Federico_-_De_fluxu_et_refluxu_maris__Venice_1528_pdf.txt']"
239,668501,"['Hortensius,_Martinus_-_De_Mercurio_in_sole_viso__Leiden_1633_pdf.txt']"
240,668502,"['Imperato,_Francesco_-_De_fossilibus_opusculum__Naples_1610_pdf.txt']"
241,668503,"['Krusch,_Johann_Ernst_-_De_impotentia_virili__Erfurt_1707_pdf.txt']"
242,668504,"['Laet,_Johan_de_-_De_gemmis_et_lapidibus__Leiden_1647_pdf.txt']"
243,668505,"['Monti,_Giuseppe_-_De_monumento_diluviano_nuper_in_agro_Bononiensi__Bologna_1719_pdf.txt']"
244,668506,"['Nifo,_Agostino_-_De_falsa_diluvii_prognosticatione__Florence_1520_pdf.txt']"
245,668507,"['Poll,_Nicolaus_-_De_cura_morbi_Gallici__Venice_1535_pdf.txt']"
246,668508,"['Porzio,_Simone_-_De_conflagratione_agri_Puteolani_epistola__Florence_1551_pdf.txt']"
247,668509,['Ps_-Democritus_et_al__-_De_arte_magna__Padua_1573_pdf.txt']
248,668510,"['Ramazzini,_Bernardino_-_De_morbis_artificum_diatriba__Venice_1743_pdf.txt']"
249,668511,"['Ruf,_Jacob_&_Haller,_Wolfgang_-_De_conceptu_et_generatione_hominis__Zurich_1554_pdf.txt']"
250,668512,"['Ruf,_Jacob_&_Haller,_Wolfgang_-_Trostbüchele__Zurich_1554_pdf.txt']"
251,668513,"['Schleusinger,_Eberhard_-_De_cometis__Venice_1474_pdf.txt']"
252,668514,"['Ruland,_Martin_(d__J_)_-_Lexicon_Alchemiae__Frankfurt_am_Main_1612_pdf.txt']"
253,668515,"['Scaliger,_Joseph_Juste_-_De_aequinoctiorum_anticipatione_diatriba__Paris_1613_pdf.txt']"
254,668516,"['Stensen,_Niels_-_Observationes_anatomicae__Leiden_1662_pdf.txt']"
255,668517,"['Telesio,_Bernardino_-_De_rerum_natura_iuxta_propria_principia__Naples_1586_pdf.txt']"
256,668518,"['Telesio,_Bernardino_-_Varii_de_naturalibus_rebus_libelli__Venice_1590_pdf.txt']"
257,668519,"['Theophrastus_&_Gaza,_Theodorus_-_De_historia_plantarum__Treviso_1483_pdf.txt']"
258,668520,"['Valles,_Francisco_-_De_iis,_quae_scripta_sunt_physice_in_Libris_Sacris__Turin_1587_pdf.txt']"
259,668521,"['Wedel,_Georg_Wolfgang_-_Exercitationum_medico-philologicarum_decas_tertia__Jena_1687_pdf.txt']"
260,668522,"['Wotton,_Edward_-_De_differentiis_animalium__Paris_1552_pdf.txt']"
261,668543,"['Stay,_Benedetto_-_Philosophiae_recentioris_versibus_traditae_libri_decem__Vol__1__Rome_1755_pdf.txt']"
262,668544,"['Stay,_Benedetto_-_Philosophiae_recentioris_versibus_traditae_libri_decem__Vol__2__Rome_1760_pdf.txt']"
263,668545,"['Stay,_Benedetto_-_Philosophiae_recentioris_versibus_traditae_libri_decem__Vol__3__Rome_1792_pdf.txt']"
264,670589,"['Agerius,_Nicolaus_&_Reusser,_Johann_Philipp_-_Diaskepsis_physike_de_nive__Strasbourg_1627.txt']"
265,674799,"['Schenck,_Johann_Georg_-_Observationes_medicae_de_capite_humano__Basel_1584_pdf.txt']"
266,676068,"['Liceti,_Fortunio_-_De_spontaneo_viventium_ortu__Vicenza_1618_pdf.txt']"
267,676442,"['Brunfels,_Otto_-_Herbarum_vivae_eicones__Vol__3__Strasbourg_1536_pdf.txt']"
268,676748,"['Telesio,_Bernardino_-_De_mari__Naples_1570_pdf.txt']"
269,677275,"['Linné_Carl,_von_-_Musa_Cliffortiana__Leiden_1736_pdf.txt']"
270,678220,"['Stensen,_Niels_-_De_solido_intra_solidum_naturaliter_contento__Florence_1669_pdf.txt']"
271,678765,"['Liceti,_Fortunio_-_De_monstris__Amsterdam_1665_pdf.txt']"
272,683331,"['Borelli,_Giovanni_Alfonos_-_Historia_et_meteorologia_incendii_Aetnaei__Reggio_di_Calabria_1670_pdf.txt']"
273,683332,"['Omodei,_Antonio_Filoteo_degli_-_Aetnae_topographia__Venice_1591_pdf.txt']"
274,686638,"['Caius,_John_-_The_Works_of_John_Caius__Cambridge_1912_pdf.txt']"
275,688159,"['Helmont,_Jan_Baptista_van_-_Ortus_medicinae__Amsterdam_1649_pdf.txt']"
276,688248,"['La_Galla,_Giulio_Cesare_-_De_phoenomenis_in_orbe_lunae_physica_disputatio__Venice_1612_pdf.txt']"
277,688249,"['Sbaraglia,_Gian_Girolamo_-_De_recentiorum_medicorum_studio_dissertatio_epistolaris_ad_amicum__s__l__1687_pdf.txt']"
278,688837,"['Winkler,_Johann_Heinrich_-_Causae_frigoris_et_glaciei_expositae__Leipzig_1735_pdf.txt']"
279,689822,"['Brendel,_Adam_&_Oertel,_Johann_Gottfried_-_De_Homero_medico__Wittenberg_1700_pdf.txt']"
280,689823,"['Gramm,_Caeso_&_Brücken,_Christoph_Heinrich_-_Anatomia_nivis__Kiel_1666_pdf.txt']"
281,689824,"['Ralla,_Johannes_&_Berger,_Friedrich_-_Chionognosia__Leipzig_1658_pdf.txt']"
282,689825,"['Viète,_François_-_De_aequationum_recognitione_et_emendatione__Paris_1615_pdf.txt']"
283,689826,"['Wagner,_Christian_-_Animadversiones_in_T__Burnetii_Telluris_Theoriam_Sacram__Leipzig_1683_pdf.txt']"
284,691442,['Anonymi_-_Carmina_quadragesimalia__Oxford_1723_pdf.txt']
285,691443,"['Müller,_Johann_Heinrich_&_Andreae,_Johann_Leonhard_-_Dissertatio_inauguralis_de_montibus_ignivomis_sive_vulcaniis__Altdorf_1710_pdf.txt']"
286,691444,"['Baglivi,_Giorgio_-_Opera_omnia_medico-practica_et_anatomica__Lyon_1704_pdf.txt']"
287,691445,"['Koegl,_Johann_Abraham_-_De_usu_et_abusu_nicotianae__Innsbruck_1772_pdf.txt']"
288,691456,['Remus_Georg_-_Consideratio_physico-mathematica_hiemis_proxime_praeterlapsae__Halle_(Saale)_1709_pdf.txt']
289,691681,"['Cominale,_Celestino_-_Anti-Newtonianismus__Vol__1__Naples_1754_pdf.txt']"
290,691682,"['Cominale,_Celestino_-_Anti-Newtonianismus__Vol__2__Naples_1756_pdf.txt']"
291,692916,"['Geisler,_David_&_Drechsler,_Johann_Gabriel_-_De_nive_prodigiosa__Leipzig_1673_pdf.txt']"
292,692917,"['Drechsler,_Johann_Gabriel_&_Rechtenbach,_Polycarp_Michael_-_De_sermone_brutorum__Leipzig_1673_pdf.txt']"
293,692920,"['Planer,_Johann_Andreas_&_Siber,_Balthasar_-_De_nive_dissertatio_quarta__Wittenberg_1696_pdf.txt']"
294,692921,"['Bussingius,_Caspar_-_De_situ_telluris_Paradisiacae_et_chiliasticae_Burnetiano_ad_eclipticam_recto__Hamburg_1695_pdf.txt']"
295,692939,"['Petermann,_Daniel_&_Schmied,_Gottfried_-_Disputatio_de_glacie__Leipzig_1670_pdf.txt']"
296,692941,"['Tiemann,_August_-_De_visu_aphorismi__Berlin_1817_pdf.txt']"
297,693073,"['Falloppio,_Gabriele_-_Observationes_anatomicae__Paris__1562_pdf.txt']"
298,693074,"['Leeuwenhoek,_Antoni_van_-_Observationes_de_natis_e_semine_genitali_animalculis__London_1677_pdf.txt']"
299,693075,"['Sachs_von_Lewenheimb,_Philipp_Jacob_-_Oceanus_macro-microcosmicus__Breslau_1664_pdf.txt']"
300,693078,"['Rheticus,_Georg_Joachim_-_Narratio_prima__Gdańsk_1540_pdf.txt']"
301,693142,"['Swammerdam,_Jahn_et_al__-_Biblia_naturae__Vol__2__Leiden_1737_pdf.txt']"
302,693143,"['Swammerdam,_Jahn_et_al__-_Biblia_naturae__Vol__1__Leiden_1737_pdf.txt']"
303,693145,"[""L'Ecluse,_Charles_de_-_Curae_posteriores__Leiden_1611_pdf.txt""]"
304,693146,"['Mercator,_Gerhard_&_Mercator,_Rumold_-_Atlas_sive_Cosmographicae_meditationes__Duisburg_&_Düsseldorf_1595_pdf.txt']"
305,693147,['Funebre_symbolum_virorum_aliquot_illustrium__Paris_1555_pdf.txt']
306,693148,"['Adam,_Melchior_-_Vitae_Germanorum_medicorum__Heidelberg_1620_pdf.txt']"
307,693174,"['Gassendi,_Pierre_-_Opera_omnia__Vol__1__Lyon_1658_pdf.txt']"
308,693175,"['Maffei,_Giovanni_Pietro_-_Historiarum_Indicarum_libri_XVI__Cologne_1590_pdf.txt']"
309,693176,"['Brunfels,_Otto_-_Catalogus_illustrium_medicorum__Strasbourg_1530_pdf.txt']"
310,693177,"['Cardano,_Girolamo_&_Naudé,_Gabriel_-_De_propria_vita_liber__Paris_1643_pdf.txt']"
311,693178,"['Cornarius,_Janus_(ed_)_-_Hippocratis_Coi_opera_quae_ad_nos_extant__Venice_1546_pdf.txt']"
312,693690,"['Großinger,_Johann_Baptist_-_Universa_history_physica_regni_Hungariae__Vol__1__Bratislava_&_Komorn_1793_pdf.txt']"
313,693691,"['Großinger,_Johann_Baptist_-_Universa_history_physica_regni_Hungariae__Vol__2__Bratislava_&_Komorn_1793_pdf.txt']"
314,693692,"['Hachet,_Louis-Paul_et_al__-_Theses_mathematicae__Paris_1754_pdf.txt']"
315,693693,"['Großinger,_Johann_Baptist_-_Universa_history_physica_regni_Hungariae__Vol__3__Bratislava_&_Komorn_1794_pdf.txt']"
316,693694,"['Großinger,_Johann_Baptist_-_Universa_history_physica_regni_Hungariae__Vol__4__Bratislava_&_Komorn_1794_pdf.txt']"
317,693695,"['Großinger,_Johann_Baptist_-_Universa_history_physica_regni_Hungariae__Vol__5__Bratislava_1797_pdf.txt']"
318,693696,"['Schultén,_Nathanael_Gerhard_af_&_Öhman,_Johan_Edvard_-_Theses_in_exercitationem_stipendiariorum__Helsinki_1833_pdf.txt']"
319,693697,"['Speyert_van_der_Eyk,_Simon_-_Poema_in_laudem_geometriae_et_de_mentis_humanae_facultatibus_eiusque_immortalitate__Haarlem_1826_pdf.txt']"
320,693817,['Varii_2_-_Thesaurus_historiae_Helveticae__Zurich_1735_pdf.txt']
321,694470,"['Grove,_Robert_-_Carmen_de_sanguinis_circuitu__London_1685_pdf.txt']"
322,694471,"['Franck,_Johannes_Christophorus_(ed_)_-_Bibliotheca_novissima_observationum_ac_recensionum__Halle_(Saale)_1721_pdf.txt']"
323,694472,"['Jungermann,_Ludwig_&_Hofmann,_Caspar_-_Catalogus_plantarum_circa_Altorfium__Altdorf_1615_pdf.txt']"
324,694473,"['Kaau_Boerhaave,_Abraham_-_Sermo_academicus_de_iis,_quae_virum_medicum_perficiunt_et_exornant__Leiden_1752_pdf.txt']"
325,694474,"['Klein,_Jacob_Theodor_-_Stemmata_avium__Leipzig_1759_pdf.txt']"
326,694475,"['Maier,_Michael_-_Civitas_corporis_humani__Frankfurt_1621_pdf.txt']"
327,694476,"['Scheuchzer,_Johann_Jakob_-_Charta_invitatoria__Zurich_1699_pdf.txt']"
328,694477,"['Woodward,_John_&_Scheuchzer,_Joahnn_Jakob_-_Specimen_geographiae_physicae__Zurich_1704_pdf.txt']"
329,694478,"['Bergman,_Torbern_-_Sciagraphia_regni_mineralis__Leipzig_&_Desau_1782_pdf.txt']"
330,694617,"['Marggraff,_Michael_&_Bleidner,_Johannes_-_Disputatio_physica_de_meteoro_nivis__Leipzig_1667_pdf.txt']"
331,694618,"['Kirchmaier,_Georg_Kaspar_&_Leutmann,_Martin_-_Disputatio_publica_de_nive__Wittenberg_1659_pdf.txt']"
332,694619,"['Van_Stralen,_Arnold_&_Schoock_Martin_-_Dipsutatio_physica_de_nive__Groningen_1646_pdf.txt']"
333,694620,"['Vriesen,_Bernhard,_Schook_Martin_-_Disputatio_physica_de_glacie__Groningen_1646_pdf.txt']"
334,694621,"['Bilberg,_Johannes_&_Björner,_Roland_-_Disputatio_physica_de_glacie_(1689)__Uppsala_1689_pdf.txt']"
335,694622,"['Gravius,_Johannes_&_Harpprecht,_Ferdinand_Christoph_-_Disquisitio_de_quod_iustum_est_circa_nivem__Tübingen_1693_pdf.txt']"
336,694623,"['Trombsdorff,_Johann_Nikolaus_&_Rodigast,_Samuel_-_Disquisitio_physica_de_calore_nivis__Jena_1678_pdf.txt']"
337,694624,"['Beckher,_Daniel_&_Lindemann,_Thomas_-_Disquisitio_physica_de_glacie_cruenta__Königsberg_1634_pdf.txt']"
338,694625,"['Blaesing,_David_&_Mittelpfort_Jacob_-_Disquisitio_physica_de_nive__Königsberg_1686_pdf.txt']"
339,694626,"['Cremonini,_Cesare_-_Disputatio_de_coelo__Venice_1613_pdf.txt']"
340,694895,"['Manincor,_Anton_-_De_terraemotibus_anni_1670__Innsbruck_1671_pdf.txt']"
341,694896,"['Langenbeck,_Georg_Heinrich_Christoph_-_De_explicatione_cerebri_eiusdemque_prolongationum__Göttingen_1818_pdf.txt']"
342,694897,"['Scheiner,_Chriostph_&_Locher,_Johann_Georg_-_Disquisitiones_mathematicae__Ingolstadt_1614_pdf.txt']"
343,694898,"['Bartholin,_Thomas_-_De_nivis_usu_medico_observationes_variae__Copenhagen_1661_pdf.txt']"
344,695622,"['Boussuet,_François_-_De_natura_aquatilium_carmen__Lyon_1558_pdf.txt']"
345,695639,"['Büttner,_Daniel_&_Bötticher,_Bernhard_-_Chiologia_seu_disputatio_de_nive__Hamburg_1693_pdf.txt']"
346,695640,"['Beringer,_Johann_Bartholomäus_Adam_&_Hueber,_Georg_Ludwig_-_Lithographia_Wirceburgensis__Würzburg_1726_pdf.txt']"
347,695641,"['Feuerlein,_Jakob_Wilhelm_&_Lochner,_Christoph_Moritz_-_Montes_divinitatis_testes__Altdorf_1729_pdf.txt']"
348,695642,"['Gaun,_Franz_&_Feigenpuz,_Johann_E__-_Iter_per_salinas_Tyrolenses__Innsbruck_1707_pdf.txt']"
349,695643,"['Linné,_Carl_von_&_Nordblad,_Eric_Anders_-_Instructio_peregrinatoris__Uppsala_1759_pdf.txt']"
350,695644,"['Stattler,_Benedikt_-_Mineralogiae_principia_physica__Vol__1__Innsbruck_1765_pdf.txt']"
351,695645,"['Stattler,_Benedikt_-_Mineralogiae_principia_physica__Vol__2__Innsbruck_1765_pdf.txt']"
352,695646,"['Schlichter,_Christian_Ludwig_&_Spangenberg,_Johann_Philipp_Friedrich_-_Observationes_philologicae_de_nive__Halle_1738_pdf.txt']"
353,695647,"['Stahl,_Georg_Ernst_-_Zymotechnia_fundamentalis__Halle_(Saale)_1697_pdf.txt']"
354,695667,"['Walch,_Georg_Friedrich_-_De_diluviis_veterum__Strasbourg_1757_pdf.txt']"
355,695675,"['Fechner,_Johann_-_De_coloribus_iuventus_delecta_disseret__Breslau_1675.txt']"
356,695706,"['Savastano,_Francesco_Eulalio_-_Botanicorum_seu_institutionum_rei_herbariae_libri_IV__Naples_1712_pdf.txt']"
357,695813,"['Florido,_Ambrosio_-_Dialogismus_de_natura_universa_maris__Padua_1613_pdf.txt']"
358,695814,"['Maurolico,_Francesco_-_Cosmographia_in_tres_dialogos_distincta__Venice_1543_pdf.txt']"
359,695815,['Musae_Anglicanae__Vol__2__5th_ed__London_1741_pdf.txt']
360,695816,"['Regimontanus,_Johannes_-_De_triangulis_omnimodis__Nuremberg_1533_pdf.txt']"
361,695817,['Boyle_Robert_&_Anonymus_16_-_Chymista_scepticus__Rotterdam_1668_pdf.txt']
362,696079,['Philalethes_-_Exercitatio_theoricuorum_Copernico-caelestium_mathematico-physico-theologica__Philadelphia_1689_pdf.txt']
363,696080,"['Rheticus,_Georg_Joachim_-_Canon_doctrinae_triangulorum__Leipzig_1551_pdf.txt']"
364,696081,"['Brasavola,_Antonio_Musa_-_Examen_omnium_simplicium_medicamentorum__Rome_1536_pdf.txt']"
365,696105,"['Kircher,_Athanasius_-_Iter_extaticum_II__Rome_1657_pdf.txt']"
366,696106,"['Hobbes,_Thomas_-_Examinatio_et_emendatio__London_1660_pdf.txt']"
367,696170,"['Froidmont,_Libert_-_Saturnalicae_cenae_variatae_somnio_sive_peregrinatione_caelesti__Leuven_1616_pdf.txt']"
368,696185,"['Simmler,_Josias_-_Vallesiae_descriptio__De_Alpibus_commentarius__Zurich_1574_pdf.txt']"
369,696186,"['Plantin,_Jean_Baptiste_-_Helvetia_antiqua__Bern_1656_pdf.txt']"
370,696195,"['Kepler,_Johannes_-_Somnium_seu_Opus_posthumum_de_astronomia_lunari__Żagań_&_Frankfurt_am_Main_1634_pdf.txt']"
371,696410,"['Blasius,_Gerardus_Leonardus_-_Anatome_medullae_spinalis_et_nervorum_inde_provenientium__Amsterdam_1666_pdf.txt']"
372,696429,"['Kircher,_Athanasius_-_Arca_Noe__Amsterdam_1675_pdf.txt']"
373,696812,"['Humboldt,_Alexander_von_-_De_distributione_geographica_plantarum__Paris_1817_pdf.txt']"
374,696813,"['Halley,_Edmond_-_Methodus_singularis_qua_solis_parallaxis_determinari_poterit_-_Philosophical_Transactions_of_the_Royal_Society_29__London_1717_pdf.txt']"
375,696814,"['Varenius,_Bernhardus_-_Geographia_generalis,_in_qua_affectiones_generales_telluris_explicantur__Amsterdam_1650_pdf.txt']"
376,696815,"[""Anghiera,_Pietro_Martire_d'_-_De_orbe_novo_decades_octo__Alcalá_de_Henares_1530_pdf.txt""]"
377,696816,"['Cardano,_Girolamo_-_Opera_omnia__Vol__1__Lyon_1663_pdf.txt']"
378,697192,"['Lemnius,_Levinus_-_Occultae_naturae_miracula__Antwertp_1559_pdf.txt']"
379,697193,"['Jussieu,_Antoine_Laurent_de_-_Genera_plantarum_secundum_ordines_naturales_disposita__Paris_1789_pdf.txt']"
380,699868,['Oevres_complètes_de_Christian_Hugens__Vol_17__Amsterdam_1932_pdf.txt']
381,699869,"['Riccioli,_Giovanni_Battista_-_Almagestum_novum__Bologna_1651_pdf.txt']"
382,699870,"['Voigt,_Christoph_-_Dissertatio_physica_contra_nivis_albedinem_realem__Güstrow_1669_pdf.txt']"
383,701508,"['Boincontri,_Lorenzo_-_Vaticinum__Rome_1488_pdf.txt']"
384,701509,"['Gessner,_Conrad_-_Catalogus_Plantarum__Zurich_1542_pdf.txt']"
385,701510,"['Jungermann,_Ludwig_-_Catalogus_plantarum,_quae_in_horto_medico_Altdophino_reperiuntur__Altdorf_1635_pdf.txt']"
386,701511,"['Kentmann,_Johannes_-_De_omni_rerum_fossilium_genere,_gemmis,_lapidibus,_metallis_et_huiusmodi_libri_aliquot__Zurich_1555_pdf.txt']"
387,701512,"['Mersenne,_Marin_-_Universae_geometriae_mixtaeque_mathematicae_synopsis__Paris_1644_pdf.txt']"
388,701513,"['Mundinus,_Lucius_&_Berengario_da_Carpi,_Jacopo_-_Commentaria_cum_amplissimis_additionibus_super_Anatomia_Mundini__Bologna_1521_pdf.txt']"
389,701514,"['Stensen,_Niels_-_Elementorum_myologiae_specimen_seu_musculi_descriptio_geometrica__Florence_1667_pdf.txt']"
390,701785,"['Basini,_Basinio_-_Basini_Parmensis_poetae_opera_praestantiora__Vol__1__Rimini_1794_pdf.txt']"
391,701786,"['Bonincontri,_Lorenzo_-_De_rebus_coelestibus_libri_tres__Basel_1540_pdf.txt']"
392,701795,"['Monte,_Giovanni_Battista_da_&_Lublina,_Walenty_z_-_In_nonum_librum_Rhasis_ad_Mansorem_expositio__Venice_1554_pdf.txt']"
393,701797,"['Rheticus,_Georg_Joachim_-_In_arithemticen_praefatio__Wittenberg_1536_pdf.txt']"
394,702144,"['Barrow,_Isaac_-_Mathematicae_professoris_Lucasiani_lectiones__London_1683_pdf.txt']"
395,702145,['Amataus_Lusitanus_-_Curationum_medicinalium_centuria_prima__Florence_1551_pdf.txt']
396,702146,"['Borch,_Ole_-_De_ortu_et_progressu_chemiae_dissertatio__Copenhagen_1668_pdf.txt']"
397,702147,"['Brahe,_Tycho_-_De_disciplinis_mathematicis_oratio__Hamburg_1621_(Brahe)_pdf.txt']"
398,702148,"['Camerarius,_Johannes_-_De_podagrae_laudibus_oratio_____et_aliae_orationes______Padua_1553_pdf.txt']"
399,702149,"['Crato,_Johannes_-_Assertio_pro_libello_suo_Germanico__Frankfurt_1585_pdf.txt']"
400,702150,"['Jessen,_Johann_von_-_De_vita_et_morte_Tychonis_Brahei_oratio_funebris__Hamburg_1601_pdf.txt']"
401,702151,"['Monau,_Friedrich_von_-_Bronchotome__Königsberg_1644_pdf.txt']"
402,702152,"['Ruf,_Jacob_-_Broadsheet_on_Conjont_Twins__Zurich_1543_pdf.txt']"
403,702153,"['Venusti,_Antonio_Maria_-_Consilia_medica__Venice_1571_pdf.txt']"
404,702831,"['Bošković,_Ruđer_Josip_-_De_solis_ac_lunae_defectibus__London_1760_pdf.txt']"
405,702832,['Abhandlungen_der_Churfürstlich-baierischen_Akademie_der_Wissenschaften__Bd__4__1767_Munich_pdf.txt']
406,702833,"['Dorn,_Gerhard_-_Dictionarium_Theophrasti_Paracelsi__Frankfurt_am_Main_1583_pdf.txt']"
407,702834,"['Fechner,_Johann_-_Deliciae_et_divitiae_agrorum_in_Silesia__Bratislava_1643_pdf.txt']"
408,702835,"['Pompanazzi,_Pietro_-_Dubitationes_in_quartum_Meteorologicorm_Aristotlis_librum__Venice_1563_pdf.txt']"
409,704336,"['Gessner,_Conrad_-_Bibliotheca_universalis__Zurich_1545_pdf.txt']"
410,704337,"['Cardano,_Girolamo_-_Liber_de_libris_propriis__Lyon_1557_pdf.txt']"
411,704338,"['Gessner,_Conrad_-_Pandectae__Zurich_1548_pdf.txt']"
412,704339,"['Linné,_Carl_von_-_Bibliotheca_botanica_secundum_systema_auctorum_naturale__Amsterdam_1736_pdf.txt']"
413,704340,"['Linné,_Carl_von_-_Fundamenta_botanica__Amsterdam_1736_pdf.txt']"
414,704341,"['Linné,_Carl_von_-_Fundamenta_botanica__Amsterdam_1741_pdf.txt']"
415,704342,"['Winther,_Mathias_-_Literaturae_scientiae_rerum_naturalium_in_Dania,_Norvegia_et_Holsatio_enchiridion__Copenhagen_1829_pdf.txt']"
416,704343,"['Barozzi,_Francesco_-_Cosmographia_in_quattuor_libros_distributa__Venice_1585_pdf.txt']"
417,704344,['Arcadum_carmina__Vol__1__Rome_1721_pdf.txt']
418,704345,"['Manardi,_Giovanni_-_De_erroribus_Symonis_Pistoris__Nuremberg_1500_pdf.txt']"
419,704346,"['Manardi,_Giovanni_-_Epistolae_medicinales__Ferrara_1521_pdf.txt']"
420,704347,"['Ps_-Galenus_&_Struś,_Józef_-_Galeni_libri_duo,_nunc_primum_a_Iosepho_Struthio_e_Graeco_translati_Astrologia_ad_Aphrodisium__De_urinis__Venice_1535_pdf.txt']"
421,704666,"['Camerarius,_Joachim_-_De_solis_defectu__Tübingen_1539_pdf.txt']"
422,704667,"['Camerarius,_Joachim_et_al__-_De_theriacis_et_mithridateis_commentariolus__Nuremberg_1533_pdf.txt']"
423,704668,"['Cardano,_Girolamo_-_De_subtilitate__Nuremberg_1550_pdf.txt']"
424,704669,"['Nardi,_Giovanni_-_De_rore_disquisitio_physica__Florence_1642_pdf.txt']"
425,704670,"['Nardi,_Giovanni_-_Lactis_physica_analysis__Florence_1634_pdf.txt']"
426,704812,"['Guericke,_Otto_von_-_Experimenta_nova_Magdeburgica_de_vacuo_spatio__Amsterdam_1672_pdf.txt']"
427,704813,"['Harvey,_William_-_Exercitatio_anatomica_de_motu_cordis_et_sanguinis_in_animalibus__Frankfurt_am_Main_1628_pdf.txt']"
428,704814,"['Harvey,_William_-_Exercitationes_de_generatione_animalium__London_1651_pdf.txt']"
429,704815,"['Ørsted,_Hans_Christian_-_Experimenta_circa_effectum_conflictus_electrici_in_acum_magneticam__Copenhagen_1820_pdf.txt']"
430,705019,"['Agricola,_Georg_-_Bermannus__Leipzig_1546_pdf.txt']"
431,705020,"['Agricola,_Georg_-_Bermannus__Paris_1541_pdf.txt']"
432,705022,"['Ent,_George_-_Apologia_pro_circulatione_sanguinis__London_1641_pdf.txt']"
433,705023,"['Willughby,_Francis_&_Ray,_John_-_Ornithologiae_libri_tres__London_1676_pdf.txt']"
434,705664,"['Catena,_Pietro_-_Oratio_pro_idea_methodi__Padua_1563_pdf.txt']"
435,705665,"['Achrelius,_Daniel_-_Scientiarum_magnes__Turku_1690_pdf.txt']"
436,705666,"['Göbel,_Severin_-_De_succino__s__l__1565_pdf.txt']"
437,705667,['Historia_et_commentationes_Academiae_Electoralis_Scientiarum_et_Elegantiorum_Litterarum_Theodoro-Palatinae__Vol__6_physicum__Mannheim_1790_pdf.txt']
438,705668,"['Scheuchzer,_Johann_Jakob_-_Praelectio_de_matheseos_usu_in_theologia__Amsterdam_1712_pdf.txt']"
439,706097,"['Bartholin,_Thomas_-_De_unicornu_observationes_novae__Padua_1645_pdf.txt']"
440,706099,['Grospré_Robert_-_Regimen_sanitatis__Gent_1538_pdf.txt']
441,706100,['Grospré_Robert_-_Regimen_sanitatis__Paris_1539_pdf.txt']
442,706101,"['Redi,_Francesco_&_Frisius,_Andreas_-_Experimenta_circa_generationem_insectorum__Amsterdam_1671_pdf.txt']"
443,706763,"['Bartholin,_Rasmus_-_Experimenta_crystalli_Islandici_disdiaclastici__Copenhagen_1699_pdf.txt']"
444,706764,"['Beroaldo,_Filippo_-_Opusculum_de_terremotu_et_pestilentia__Bologna_1505_pdf.txt']"
445,706765,"['Dalrymple_of_Stair,_James_-_Physiologia_nova_experimentalis__Leiden_1686_pdf.txt']"
446,706766,"['Gentilis,_de_Fulgineo_&_degli_Emanuelli,_Bartolomeo_-_Super_dicta_Gentilis_super_definitione_de_febre_data_ab_Avicenna__Rome_1524_pdf.txt']"
447,706767,"['Pecquet,_Jean_-_Experimenta_nova_anatomica__Paris_1651_pdf.txt']"
448,706768,"['Biese,_Nicolas_-_De_universitate_libri_tres__Antwerp_1556_pdf.txt']"
449,706769,"['Johnson,_Thomas_-_Opuscula_omnia_botanica__London_1847_(ed__T__S__Ralph)__pdf.txt']"
450,708106,"['Apollonius_Pergaeus_et_al__-_Apolloni_Pergaei_Conicorum_libri_V,_VI,_VII__Florence_1661_pdf.txt']"
451,708107,"['Apollonius_Pergaeus_&_Halley,_Edmond_-_Apollonii_Pergaei_Conicorum_libri_octo__Oxford_1710_pdf.txt']"
452,708108,"['Biwald,_Leopold_-_Physica_generalis__Graz_1767_pdf.txt']"
453,708109,"['Horn,_Georg_-_Orbis_politicus__Leipzig_1668_pdf.txt']"
454,708110,"['Rösel_von_Rosenhof,_August_Johann_-_Historia_naturalis_ranarum_nostratium__Nuremberg_1758_pdf.txt']"
455,709640,"['Fracastoro,_Girolamo_-_Syphilis__Verona_1530_pdf.txt']"
456,709641,"['Buchanan,_George_-_Sphaera__Herborn_1586_pdf.txt']"
457,709642,"['Honterus,_Johannes_-_Rudimenta_cosmographica__Zurich_1546_pdf.txt']"
458,709643,"['Landivar,_Rafael_-_Rusticatio_Mexicana__Modena_1781_pdf.txt']"
459,709644,"['Nicander_Colophonius_&_Lonicer,_Johannes_-_Nicandri_Theriaca_et_Alexipharmaca__Cologne_1531_pdf.txt']"
460,710270,['Arcadum_carmina__Vol__2_Rome_1756_pdf.txt']
461,710271,"['Frandsen,_Hans_-_De_oculorum_fabricatione__Wittenberg_1556_pdf.txt']"
462,710272,"['Noceti,_Carlo_-_De_iride_et_aurora_boreali_carmina__Rome_1747_pdf.txt']"
463,710273,"['Quntiis,_Camillus_Eucherius_de_-_Inarime_seu_de_balneis_Pithecusarum_libri_VI__Naples_1726_pdf.txt']"
464,710274,"['Selnecker,_Nikolaus_-_Libellus_de_partibus_corporis_humani__Wittenberg_1554_pdf.txt']"
465,710275,"['Speyert_van_der_Eyk,_Simon_-_De_nihilo_nobis_penitus_cognito__Leiden_1818_pdf.txt']"
466,710276,"['Szerdahélyi,_György_Alajos_-_Historia_Uraniae_Musae__Vienna_1787_pdf.txt']"
467,710448,"['Oudin,_François_-_Poemata_didascalica__2nd_ed__Vol__1__Paris_1813_pdf.txt']"
468,710449,"['Oudin,_François_-_Poemata_didascalica__2nd_ed__Vol__2__Paris_1813_pdf.txt']"
469,710450,"['Oudin,_François_-_Poemata_didascalica__2nd_ed__Vol__3__Paris_1813_pdf.txt']"
470,710451,"['Oudin,_François_-_Poemata_didascalica__2nd_ed__Vol__4__Paris_1813_pdf.txt']"
471,713323,"['Acosta,_José_de_-_De_natura_novi_orbis__Salamanca_1589_pdf.txt']"
472,713324,"['Augurello,_Giovanni_Aurelio_-_Chrysopoeia__Venice_1515_pdf.txt']"
473,713325,"['Hippocrates_&_Dionysius,_Paullus_-_Aphorismi_Hippocratis_versibus_redditi__Verona_1599_pdf.txt']"
474,713326,"['Kepler,_Johannes_-_Dioptrice__Augsburg_1611_pdf.txt']"
475,713327,"['Sachs_von_Lewenheimb,_Philipp_Jacob_-_Gammarologia__Frankfurt_&_Leipzig_1665_pdf.txt']"
476,713328,"['Stensen,_Niels_-_De_musculis_et_glandulis_observationum_specimen__Amsterdam_1664_pdf.txt']"
477,715589,"['Piso,_Willem_&_Marggraf,_Georg_-_Historia_naturalis_Brasiliae__Leiden_&_Amsterdam_1648_pdf.txt']"
478,715590,"['Maier,_Michael_-_De_circulo_physico_quadrato__Oppenheim_1616_pdf.txt']"
479,715591,"['Piso,_Willem_-_De_Indiae_utriusque_re_naturali_et_medica__Amsterdam_1658_pdf.txt']"
480,715853,['Miscellanea_curiosa_medico-physica_Academiae_Naturae_curiosorum__Vol__1__Leipzig_1670_pdf.txt']
481,718447,"['Alsted,_Johann_Heinrich_-_Triumphus_Bibliorum_sacrorum__Frankfurt_am_Main_1625_pdf.txt']"
482,718448,"['Ps_-Proclus_&_Linacre,_Thomas_-_Sphaera_(Ps_-Proclus)__Venice_1499_pdf.txt']"
483,718449,"['Ptolemaeus,_Claudius_&_Georgius_Trapezuntius_&_Gaurico,_Luca_-_Ptolemaei_Almagestum_Latina_donatum_lingua__Venice_1528_pdf.txt']"
484,718450,"['Scheiner,_Christoph_-_Rosa_Ursina__Bracciano_1626–1630_pdf.txt']"
485,718451,"['Zimmermann,_Johannes_-_Sol_siderum_princeps__Olomuc_1661_pdf.txt']"
486,718534,"['Fontana,_Francesco_-_Novae_coelestium_terrestriumque_rerum_observationes__Naples_1646_pdf.txt']"
487,718544,"['Estienne,_Henri_-_Dictionarium_medicum__Geneva_1564_pdf.txt']"
488,718545,"['Witte,_Henning_-__Memoriae_medicorum_nostri_seculi_clarissimorum_renovatae_decas__Frankfurt_am_Main_1676_pdf.txt']"
489,718636,"['Gemma-Frisius,_Cornellis_-_De_natura_divinis_characterismis__Antwertp_1575_pdf.txt']"
490,718637,"['Dominis,_Marco_Antonio_de_-_De_radiis_visus_et_lucis_in_vitris_perspectivis_et_iride_tractatus__Venice_1611_pdf.txt']"
491,718638,"['Pereira,_Benedict_-_De_magia__Cologne_1612_pdf.txt']"
492,718639,"['Pontano,_Giovanni_Gioviano_-_De_rebus_coelestibus__Basel_1530_pdf.txt']"
493,718640,"['Zabarella,_Gicacomo_-_De_rebus_naturalibus__Venice_1590_pdf.txt']"
494,720096,"['Galenus_&_Laguna,_Andrés_de_-_Epitome_Galeni_operum__Basel_1551_pdf.txt']"
495,720097,"['Barbarus,_Hermolaus_Iunior_&_Barbarus_Hermolaus_-_Compendium_scientiae_naturalis_ex_Aristotele__Venice_1545_pdf.txt']"
496,720098,"['Hippocrates_&_Burnet,_Thomas_-_Hippocrates_contractus__Edinburgh_1685_pdf.txt']"
497,720099,"['Mizauld,_Antoine_-_Ephemerides_aëris_perpetuae__Paris_1554_pdf.txt']"
498,720100,"['Regimontanus,_Johannes_&_Peuerbach,_Georg_von_-_Epitoma_in_Almagestum_Ptolemaei__Basel_1543_pdf.txt']"
499,720610,['Acta_litteraria_regni_Poloniae_et_magni_ducatus_Lithuaniae_anno_MDCCLV_publicata__Trimestre_primum__Warsaw_1755_pdf.txt']
500,720611,['Acta_eruditorum_1682__Leipzig_1682pdf.txt']
501,720612,['Acta_Societatis_Regiae_Scientiarum_Upsaliensis_ad_annum_MDCCXL__Stockholm_1744_pdf.txt']
502,720613,['Novi_Commentarii_Societatis_Regiae_Scientiarum_Gottingensis__Vol__7__Göttingen_1777_pdf.txt']
503,720614,"['Spener,_Christian_Maximilian_-_Recensio_Itineris_Alpini_Ioannis_Iacobi_Scheuchzeri__Berlin_1710_pdf.txt']"
504,724117,"['Mästlin,_Michael_-_Epitome_astronomiae__Heidelberg_1582_pdf.txt']"
505,724118,"['Gauß,_Carl_Friedrich_-_Disquisitiones_arithematicae__Leipzig_1801_pdf.txt']"
506,724119,"['Patrizi,_Francesco_-_Discussiones_peripateticae__Basel_1581_pdf.txt']"
507,724120,"['Leo_Africanus_&_Florianus,_Johannes_-_De_totius_Africae_descriptione__Antwerp_1556_pdf.txt']"
508,724121,"['Wang,_Shuhe_&_Cleyer,_Andreas_-_Specimen_medicae_Sinicae_sive_Opuscula_medica_ad_mentem_Sinensium__Frankfurt_am_Main_1682_pdf.txt']"
509,725075,"['Bochart,_Samuel_-_Hierozoicon__Vol__1__London_1663_pdf.txt']"
510,725076,"['Bochart,_Samuel_-_Hierozoicon__Vol__2__London_1663_pdf.txt']"
511,725077,"['Cellarius,_Andreas_-_Harmonia_Macrocosmica__Amsterdam_1661_pdf.txt']"
512,725078,"['Dalechamps,_Jacques_-_Historia_generalis_plantarum__Vol__1__Lyon_1587_pdf.txt']"
513,725080,"['Du_Laurens,_André_-_Historia_anatomica__Paris_1600_pdf.txt']"
514,725081,"['Magnus,_Olaus_-_Historia_de_gentibus_septentrionalibus__Rome_1555_pdf.txt']"
515,725400,"['Dalechamps,_Jacques_-_Historia_generalis_plantarum__Vol_2__Lyon_1586_pdf.txt']"
516,726757,"['Boodt,_Anselmus_de_-_Gemmarum_et_lapidum_historia__Leiden_1636_pdf.txt']"
517,726758,"['Patrizi,_Francesco_-_Nova_de_universis_philosophia__Ferrara_1591_pdf.txt']"
518,726764,"['Riccioli,_Giovanni_Battista_-_Geographiae_et_hydrographiae_reformatae_libri_duodecim__Bologna_1661_pdf.txt']"
519,726765,"['Severinus,_Petrus_-_Idea_medicinae_philosophicae__Basel_1571_pdf.txt']"
520,726766,"['Sionita,_Gabriel_&_Hesronita,_Johannes_-_Geographia_Nubiensis__Paris_1619_pdf.txt']"
521,731574,"['Falloppio,_Gabriele_-_Observationes_anatomicae__Paris_1562_pdf.txt']"
522,731623,"['Brahe,_Tycho_-_De_mundi_aetherei_recentioribus_phaenomenis__Uraniborg_1588_pdf.txt']"
523,731624,"['Brahe,_Tycho_-_De_mundi_aetherei_recentioribus_phaenomenis__Prague_1603_pdf.txt']"
524,731625,"['Brahe,_Tycho_-_De_nova_stella__Copenhagen_1573_pdf.txt']"
525,731626,"['Clavius,_Christoph_-_In_Sphaeram_Ioannis_de_Sacrobosco_commentarius__Rome_1570_pdf.txt']"
526,731627,"['Cruisus,_Paul_-_Liber_de_epochis__Basel_1578_pdf.txt']"
527,731628,"['Moffett,_Thomas_-_Insectorum_theatrum__London_1634_pdf.txt']"
528,732033,"['Cardano,_Girolamo_-_Metoposcopia__Paris_1658_pdf.txt']"
529,732034,"['Kircher,_Athanasius_-_Mundus_subterraneus__Amsterdam_1665_pdf.txt']"
530,732035,"['Kirsten,_Michael_-_Non-entia_chymica__Frankfurt_am_Main_1645_pdf.txt']"
531,732036,"['Laet,_Johan_de_-_Novus_orbis_seu_descriptionis_Indiae_occidentalis_libri_XVIII__Leiden_1633_pdf.txt']"
532,732037,"['Sennert,_Daniel_-_Hypomnemata_physica__Frankfurt_am_Main_1636_pdf.txt']"
533,732628,"['Jonston,_Jan_-_Thaumatographia_naturalis__Amsterdam_1632_pdf.txt']"
534,732630,"['Lubieniecki,_Stanisław_-_Theatrum_cometicum__Amsterdam_1668_pdf.txt']"
535,732631,"['Ruel,_Jean_-_Veterinaria_medicina__Paris_1530_pdf.txt']"
536,732632,"['Schott,_Kaspar_-_Phyisica_curiosa__Vol__1__Würzburg_1662_pdf.txt']"
537,732633,"['Schott,_Kaspar_-_Phyisica_curiosa__Vol__2__Würzburg_1662_pdf.txt']"
538,732634,"['Schott,_Kaspar_-_Technica_curiosa__Nuremberg_1664_pdf.txt']"
539,732892,['Alfraganus_et_al__-_Continentur_in_hoc_libro_Rudimenta_astronomica_Alfragani_____Nuremberg_1537_pdf.txt']
540,732893,"['Dasypodius,_Konrad_-_Oratio_de_disciplinis_mathematicis__Strasbourg_1579_(Dasypodius)_pdf.txt']"
541,732894,"['Gassendi,_Pierre_-_Institutio_astronomica__Paris_1647_pdf.txt']"
542,732895,"['Gaurico,_Luca_-_Opera_omnia__Vol__1__Basel_1575_pdf.txt']"
543,732896,"['Jurin,_James_-_Invitatio_ad_observationes_meteorologicas_communi_consilio_instituendas__London_1723_pdf.txt']"
544,732897,"['Melanchthon,_Philipp_-_Selectae_declamationes__Vol__1__Strasbourg_1544_pdf.txt']"
545,732899,['Varii_-_The_Altar_of_Love__London_1727_pdf.txt']
546,732972,"['Gassendi,_Pierre_-_Opera_omnia__Vol__3__Lyon_1658_pdf.txt']"
547,732973,"['Keill,_John_-_Introductio_ad_veram_astronomiam_seu_lectiones_astronomicae__Oxford_1718_pdf.txt']"
548,733505,['Commentarii_Academiae_Scientiarum_Imperialis_Petropolitanae__Tomus_IV__ad_annum_MDDXXIX__Saint_Petersburg_1735_pdf.txt']
549,733506,"['Froidmont,_Libert_-_Saturnaliciae_cenae_variatae_somnio_sive_peregrinatione_caelesti__Leuven_1665_pdf.txt']"
550,733507,"['Galilei,_Galileo_&_Bernegger,_Matthias_-_Systema_cosmicum__Strasbourg_1635_pdf.txt']"
551,733508,"['Schwenckfeld,_Caspar_-_Theritropheum_Silesiae__Legnica_1603_pdf.txt']"
552,733509,"['Lhuyd,_Edward_-_Lithophylacii_Britannici_ichnographia__London_1699_pdf.txt']"
553,733808,"['Bellanti,_Lucio_-_De_astrologica_veritate_liber_quaestionum_____Basel_1554__pdf.txt']"
554,735138,"['López_de_Zúñiga,_Diego_-_In_Iob_Commentaria__Rome_1591_pdf.txt']"
555,735139,"['Hernández,_Francisco_-_Rerum_medicarum_Novae_Hispaniae_Thesaurus__Rome_1651_pdf.txt']"
556,735140,"['Vadanius,_Joachim_-_Pomponii_Melae_de_situ_orbis__Basel_1522_pdf.txt']"
557,735141,"['Vadanius,_Joachim_-_Pomponii_Melae_de_situ_orbis__Vienna_1518_pdf.txt']"
558,735142,"['Horne,_Johannes_van_&_Swammerdam,_Jan_-_Miraculum_naturae__Leiden_1672_pdf.txt']"
559,735143,"['Theophrastus_&_Laet,_Johan_de_-_De_lapidibus__Leiden_1647_pdf.txt']"
560,735144,"['Schoonhoven,_Floren_-_Emblemata_Florentii_Schoonhovii_I__C__Goudani_partim_moralia,_partim_etiam_civili__Gouda_1618_pdf.txt']"
561,735145,"['Mattioli,_Pietro_Andrea_-_Commentarii_in_sex_libros_Dioscoridis__Venice_1554_pdf.txt']"
562,735146,"['Albertus_de_Saxonia_&_Vettori,_Benedetto_-_Commentaria_in_Tractatum_proportionum_Alberti_de_Saxonia__Bologna_1506_pdf.txt']"
563,736346,"['Crüger,_Peter_-_Uranodormus_cometicus__Gdańsk_1619_pdf.txt']"
564,736347,"['Gassendi,_Pierre_-_Mercurius_in_sole_visus__Paris_1632_pdf.txt']"
565,736348,"['Griendel,_Johann_Franz_-_Micrographia_nova__Nuremberg_1687_pdf.txt']"
566,736349,"['Ritter,_Albrecht_-_Relatio_historico-curiosa__Helmstedt_1740_pdf.txt']"
567,736350,"['Torrella,_Gaspar_-_Tractatus_cum_consiliis_contra_pudendagram_seu_morbum_Gallicum__Rome_1497_pdf.txt']"
568,737709,"['Morison,_Robert_-_Plantarum_umbilleiferarum_distributio_nova__Oxford_1672_pdf.txt']"
569,737710,"['Brisson,_Mathruin-Jacques_-_Regnum_animale_in_classes_IX_distributum__Paris_1756_pdf.txt']"
570,737711,"['Märter,_Franz_Joseph_-_Fundamenta_et_termini_botanici__Brussels_1789_pdf.txt']"
571,737712,"['Jonston,_Jan_-_Notitia_regni_mineralis__Leipzig_1661_pdf.txt']"
572,738972,"['Hottinger,_Johan_Heinrich_&_Hottinger,_Solomon_-_ΚΡΥΣΤΑΛΛΟΛΟΓΙΑ_seu_Dissertatio_de_Crystallis__Zurich_1698_pdf.txt']"
573,739097,"['Gessner,_Conrad_-_Icones_animalium__Zurich_1553_pdf.txt']"
574,739098,"['Gessner,_Conrad_-_Icones_animalium__Zurich_1560_pdf.txt']"
575,739099,"['Scheuchzer,_Johann_Jakob_-_Herbarium_diluvianum__Leiden_1723_pdf.txt']"
576,739100,"['Scheuchzer,_Johann_Jakob_-_Herbarium_diluvianum__Zurich_1709_pdf.txt']"
577,739101,"['Wagner,_Johann_Jacob_-_Historia_naturalis_Helvetiae__Zurich_1680_pdf.txt']"
578,740095,"['Albrecht,_Johann_Wilhelm_-_De_effectibus_musices_in_corpus_animatum__Leipzig_1734_pdf.txt']"
579,742065,"['Rheticus,_Georg_Joachim_&_Otho,_Lucius_Valentinus_-Opus_palatinum_de_triangulis__Neustadt_an_der_Weinstraße_1596_pdf.txt']"
580,742066,"['Newton,_Isaac_&_Clarke,_Samuel_-_Optice__London_1706_pdf.txt']"
581,742067,"['Scheiner,_Christoph_-_Oculus,_hoc_est_fundamentum_opticum__Innsbruck_1619_pdf.txt']"
582,742068,"['Buonanni,_Filippo_-_Observationes_circa_viventia__Rome_1691_pdf.txt']"
583,742125,"['Zucchi,_Niccolò_-_Nova_de_machinis_philosophia__Rome_1649_pdf.txt']"
584,742418,"['Delius,_Heinrich_Friedrich_von_-_Rudera_terrae__Leipzig_&_Wolfenbüttel_1747_pdf.txt']"
585,742419,"['Cabeo,_Niccolò_-_Philosophia_magnetica__Ferrara_1629_pdf.txt']"
586,742420,"['Maurolico,_Francesco_-_Photismi_de_lumine_et_umbra__Naples_1611_pdf.txt']"
587,743610,"['Bošković,_Ruđer_Josip_-_Dissertatio_de_maris_aestu__Rome_1747_pdf.txt']"
588,743611,"['Dominis,_Marco_Antonio_de_-_Euripus_seu_de_fluxu_et_refluxu_maris_sententia__Rome_1624_pdf.txt']"
589,743612,"['Hues,_Robert_-_Tractatus_de_globis_et_eorum_usu__London_1594_pdf.txt']"
590,743613,"['Kepler,_Johannes_-_De_nive_sexangula__Frankfurt_am_Main_1611_pdf.txt']"
591,743614,"['Wolff,_Caspar_Friedrich_-_Theoria_generationis__Halle_(Saale)_1774_pdf.txt']"
592,744029,"['Schegk,_Jakob_-_De_plastica_seminis_facultate__Strasbourg_1580_pdf.txt']"
593,744030,"['Huygens,_Christiaan_-_Horologium_oscillatorium__Paris_1673_pdf.txt']"
594,744031,"['Leeuwenhoek,_Antoni_van_-_Arcana_naturae_detecta__Delft_1695_pdf.txt']"
595,746740,"['Rohault,_Jacques_&_Clarke,_Samuel_-_Physica__London_1718_pdf.txt']"
596,746741,"['Dodoens,_Rembert_-_Medicinalium_observationum_exempla_rara__Cologne_1581_pdf.txt']"
597,746744,"['Callard_de_LaDucquerie,_Jean_Baptiste_-_Lexicon_medicum_etymologicum__Caen_&_Paris_1693_pdf.txt']"
598,746761,"['Melanchthon,_Philipp_-_Liber_de_anima__Wittenberg_1553_pdf.txt']"
599,746786,"['Scribonius,_Wilhelm_Adolf_-_Isagoge_sphaerica__Frankfurt_am_Main_1580_pdf.txt']"
600,746787,"['Teichmeyer,_Hermann_Friedrich_-_Institutiones_medicinae_legalis__Jena_1723_pdf.txt']"
601,746788,"['Heurne,_Johan_van_-_Institutiones_medicinae__Leiden_1592_pdf.txt']"
602,746789,"['Boerhaave,_Hermann_-_Institutiones_medicae__Leiden_1708_pdf.txt']"
603,746790,"['Heister,_Lorenz_-_Compendium_anatomicum__Altdorf_1717_pdf.txt']"
604,746791,"['Castro,_Pedro_de_-_Bibliotheca_medici_eruditi__Bergamo_1742_pdf.txt']"
605,747381,"['Boym,_Michał_Piotr_-_Flora_Sinensis__Vienna_1656_pdf.txt']"
606,747382,"['Gmelin,_Johann_Georg_-_Flora_Sibirca_sive_Historia_plantarum_Sibiriae__4_vols__St__Petersburg_1747-1769_pdf.txt']"
607,747383,"['Linné,_Carl_von_-_Fauna_Suecica__Stockholm_1761_pdf.txt']"
608,747384,"['Linné,_Carl_von_-_Fauna_Suecica__Stockholm_1746_pdf.txt']"
609,756853,"['Gessner,_Conrad_-_Historia_animalium__Vol__4__Zurich_1558_pdf.txt']"
610,756854,"['Gessner,_Conrad_-_Historia_animalium__Vol__3__Zurich_1555_pdf.txt']"
611,756856,"['Gessner,_Conrad_-_Historia_animalium__Vol__1__Zurich_1551_pdf.txt']"
612,756867,"['Boissier_de_la_Croix_de_Sauvages,_François_-_Nosologia_methodica__Vol__3,2__Amsterdam_1763_pdf.txt']"
613,756868,"['Boissier_de_la_Croix_de_Sauvages,_François_-_Nosologia_methodica__Vol__2,2__Amsterdam_1763_pdf.txt']"
614,756869,"['Boissier_de_la_Croix_de_Sauvages,_François_-_Nosologia_methodica__Vol__2,1__Amsterdam_1763_pdf.txt']"
615,756870,"['Boissier_de_la_Croix_de_Sauvages,_François_-_Nosologia_methodica__Vol__1__Amsterdam_1763_pdf.txt']"
616,756873,"['Brisson,_Mathurin-Jacques_-_Ornithologia-Ornithologie__Vol__5__Paris_1760_pdf.txt']"
617,756874,"['Brisson,_Mathurin-Jacques_-_Ornithologia-Ornithologie__Vol__4__Paris_1760_pdf.txt']"
618,756875,"['Brisson,_Mathurin-Jacques_-_Ornithologia-Ornithologie__Vol__6__Paris_1760_pdf.txt']"
619,756876,"['Brisson,_Mathurin-Jacques_-_Ornithologia-Ornithologie__Vol__3__Paris_1760_pdf.txt']"
620,756877,"['Brisson,_Mathurin-Jacques_-_Ornithologia-Ornithologie__Vol__2__Paris_1760_pdf.txt']"
621,756878,"['Brisson,_Mathurin-Jacques_-_Ornithologia-Ornithologie__Vol__1__Paris_1760_pdf.txt']"
622,766507,"['Gessner,_Conrad_-_Historia_animalium__Vol__2__Zurich_1554_pdf.txt']"
623,767742,"['Della_Porta,_Giambattista_-_De_refractione__Naples_1593_pdf.txt']"
624,767743,"['Peletier,_Jacques_-_De_occulta_parte_numerorum__Paris_1560_pdf.txt']"
625,767744,"['Stupanus,_Johann_Niklaus_-_Medicina_theorica_in_theses_contracta__Basel_1614_pdf.txt']"
626,767766,"['Bongo,_Pietro_-_Numerorum_Mysteria__Bergamo_1599_pdf.txt']"
627,767767,"['Cesalpino,_Andrea_-_Praxis_universae_artis_medicae__Treviso_1606_pdf.txt']"
628,767768,"['Ferrari,_Giovanni_Battista_-_Flora_seu_de_florum_cultura__Rome_1633_pdf.txt']"
629,767769,"['Münster,_Sebastian_-_Cosmographia_universalis__Basel_1552_pdf.txt']"
630,767771,"['Pereira,_Benedict_-_De_communibus_omnium_rerum_naturalium_principiis_et_affectionibus__Paris_1579_pdf.txt']"
631,769230,['Examen_poeticum_duplex__London_1698_pdf.txt']
632,769231,"['Funk,_Johann_Kaspar_-_Liber_de_coloribus_coeli__Ulm_1716_pdf.txt']"
633,769232,"['Lorry,_Anne-Charles_-_De_melancholia_et_morbis_melancholicis__Vol__1__Paris_1765_pdf.txt']"
634,769233,"['Lorry,_Anne-Charles_-_De_melancholia_et_morbis_melancholicis__Vol__2__Paris_1765_pdf.txt']"
635,770047,"['Paulli,_Simon_-_Orbis_terraqueus__Strasbourg_1670_pdf.txt']"
636,770048,"['Draud,_Georg_-_Bibliotheca_classica__Part__2__Frankfurt_am_Main_1625_pdf.txt']"
637,770049,"['Draud,_Georg_-_Bibliotheca_classica__Part__1__Frankfurt_am_Main_1625_pdf.txt']"
638,770140,"['Galenus_&_Ingrassia,_Giovanni_Filippo_-_In_Galeni_librum_de_ossibus_commentaria__Palermo_1603_pdf.txt']"
639,775142,"['Gilles,_Pierre_&_Aelianus,_Claudius_-_Ex_Aeliani_Historia__Lyon_1535_pdf.txt']"
640,775165,"['Barbereini,_Maffeo_-_Maffaei_sanctae_Romanae_ecclesiae_cardinalis_Barberini_____poemata__Paris_1620_pdf.txt']"
641,775166,"['Alsario_della_Croce,_Vincenzo_-_Vesuvius_ardens__Rome_1632_pdf.txt']"
642,775167,"['Clüver,_Philipp_-_Sicilia_antiqua__Leiden_1619_pdf.txt']"
643,775168,"['Lesser,_Friedrich_Christian_-_De_sapientia,_omnipotentia_et_providentia_divina_ex_partibus_insectorum_cognoscenda__Nordhausen_1735_pdf.txt']"
644,775467,"['Gilles,_Pierre_&_Aelianus,_Claudius_-_Ex_Aeliani_Historia__Lyon_1533_pdf.txt']"
645,782227,"['Bošković,_Ruđer_Josip_-_De_proximo_Veneris_sub_sole_transitu__London_1759_pdf.txt']"
646,782228,"['Varolio,_Constanzio_&_Mercuriale,_Girolamo_-_De_nervis_opticis__Padua_1573_pdf.txt']"
647,782229,"['Schickard,_Wilhelm_-_De_Mercurio_sub_sole_viso__Tübingen_1632_pdf.txt']"
648,782230,"['Inghirami,_Curzio_-_Etruscarum_antiquitatum_fragmenta__Florence_1637_pdf.txt']"
649,782231,"['Renieri,_Vincenzo_-_De_Etruscarum_antiquitatum_fragmentis_disquisitio_astronomica__Florence_1638_pdf.txt']"
650,782232,"['Unger,_Bernhard_-_Apologetica_epistola_pro_defensione_Arabum_medicorum__Lyon_1533_pdf.txt']"
651,786342,"['Linné,_Carl_von_-_Flora_Suecica__Stockholm_1745_pdf.txt']"
652,786343,"['Linné,_Carl_von_-_Species_plantarum__Vol__2__Stockholm_1753_pdf.txt']"
653,786344,"['L’Ecluse,_Charles_de_-_Exoticorum_libri_decem__Leiden_1605_pdf.txt']"
654,786345,"['Gassendi,_Pierre_-_Exercitationes_paradoxicae__Amsterdam_1649_pdf.txt']"
655,795542,"['Ploucquet,_Wilhelm_Gottfried_-_Initia_bibliotheca_medico-practicae_et_chirurgicae_realis__Vol__8__Tübingen_1797_pdf.txt']"
656,795543,"['Ploucquet,_Wilhelm_Gottfried_-_Initia_bibliotheca_medico-practicae_et_chirurgicae_realis__Vol__7__Tübingen_1797_pdf.txt']"
657,795544,"['Ploucquet,_Wilhelm_Gottfried_-_Initia_bibliotheca_medico-practicae_et_chirurgicae_realis__Vol__6__Tübingen_1796_pdf.txt']"
658,795545,"['Ploucquet,_Wilhelm_Gottfried_-_Initia_bibliotheca_medico-practicae_et_chirurgicae_realis__Vol__5__Tübingen_1795_pdf.txt']"
659,795546,"['Ploucquet,_Wilhelm_Gottfried_-_Initia_bibliotheca_medico-practicae_et_chirurgicae_realis__Vol__4__Tübingen_1795_pdf.txt']"
660,795547,"['Ploucquet,_Wilhelm_Gottfried_-_Initia_bibliotheca_medico-practicae_et_chirurgicae_realis__Vol__3__Tübingen_1794_pdf.txt']"
661,795548,"['Ploucquet,_Wilhelm_Gottfried_-_Initia_bibliotheca_medico-practicae_et_chirurgicae_realis__Vol__2__Tübingen_1794_pdf.txt']"
662,795549,"['Ploucquet,_Wilhelm_Gottfried_-_Initia_bibliotheca_medico-practicae_et_chirurgicae_realis__Vol__1__Tübingen_1793_pdf.txt']"
663,795550,"['Ploucquet,_Wilhelm_Gottfried_-_Continuatio_et_supplementa__Vol__4__Tübingen_1803_pdf.txt']"
664,795551,"['Ploucquet,_Wilhelm_Gottfried_-_Continuatio_et_supplementa__Vol__3__Tübingen_1802_pdf.txt']"
665,795560,"['Ploucquet,_Wilhelm_Gottfried_-_Continuatio_et_supplementum__Vol__1__Tübingen_1814_pdf.txt']"
666,795561,"['Ploucquet,_Wilhelm_Gottfried_-_Literatura_medica_digesta__Vol__4__Tübingen_1809_pdf.txt']"
667,795562,"['Ploucquet,_Wilhelm_Gottfried_-_Literatura_medica_digesta__Vol__3__Tübingen_1809_pdf.txt']"
668,795563,"['Ploucquet,_Wilhelm_Gottfried_-_Literatura_medica_digesta__Vol__2__Tübingen_1808_pdf.txt']"
669,795564,"['Ploucquet,_Wilhelm_Gottfried_-_Literatura_medica_digesta__Vol__1__Tübingen_1808_pdf.txt']"
670,797514,"['Stansel,_Valentin_-_Uranophilus_caelestis_peregrinus__Ghent_1685_pdf.txt']"
671,797523,"['Ploucquet,_Wilhelm_Gottfried_-_Continuatio_et_supplementa__Vol__2__Tübingen_1800_pdf.txt']"
672,797524,"['Ploucquet,_Wilhelm_Gottfried_-_Continuatio_et_supplementa__Vol__1__Tübingen_1799_pdf.txt']"
673,797568,"['Mattioli,_Pietro_Andrea_-_De_ratione_distillandi_aquas__Venice_1565_pdf.txt']"
674,797693,"['Mackaile,_Matthew_-_Fons_Moffetensis__Edinburgh_1659_pdf.txt']"
675,797706,"['Fabricius,_Ernst_Friedrich_-_Medicinae_utriusque,_Galenicae_et_Hermeticae,_anatome_philosophica__Hamburg_1626_pdf.txt']"
676,797707,"['Borch,_Ole_-_Lingua_pharmacopoeorum__Copenhagen_1670_pdf.txt']"
677,797708,"['Sommerhoff,_Johann_Christoph_-_Lexicon_pharmaceutico-chymicum_Latino-Germanicum_et_Germanico-Latinum__Nuremberg_1701_pdf.txt']"
678,797709,"['Müller_von_Löwenstein,_Friedrich_-_Lexicon_medico-galeno-chymico-pharmaceuticum__Frankfurt_am_Main_1661_pdf.txt']"
679,797710,"['Becher,_Johann_Joachim_et_al__-_Ichnographia_chymiae_fundamentalis__Büdingen_1722_pdf.txt']"
680,798542,"['Morhof,_Daniel_Georg_-_Polyhistor__Vol__2__Lübeck_1692_pdf.txt']"
681,798543,"['Morhof,_Daniel_Georg_-_Polyhistor__Vol__1__Lübeck_1688_pdf.txt']"
682,798544,"['Morhof,_Daniel_Georg_-_Polyhistor__Vol__3__Lübeck_1708_pdf.txt']"
683,798545,"['Fischart,_Johann_&_Toxites,_Michael_-_Onomastica_II__Strasbourg_1574_pdf.txt']"
684,798546,"['Scheuchzer,_Johann_Jakob_-_Physica_sacra__Vol__1__Augsburg_&_Ulm_1731_pdf.txt']"
685,798547,"['Scheuchzer,_Johann_Jakob_-_Physica_sacra__Vol__2__Augsburg_&_Ulm_1732_pdf.txt']"
686,798548,"['Scheuchzer,_Johann_Jakob_-_Physica_sacra__Vol__3__Augsburg_&_Ulm_1733_pdf.txt']"
687,798549,"['Scheuchzer,_Johann_Jakob_-_Physica_sacra__Vol__4__Augsburg_&_Ulm_1735_pdf.txt']"
688,801655,"['Blondel,_François_-_Thermarum_Aquisgranensium_et_Porcetanarum_descriptio__Aachen_1671_pdf.txt']"
689,801656,"['Wedel,_Goerg_Wolfgang_-_Specimen_experimenti_chimici_novi_de_dale_volatili_plantarum__Frankfurt_am_Main_1671_pdf.txt']"
690,801657,"['Bacon,_Francis_&_Gruter,_Jacob_-_Silva_silvarum__Amsterdam_1661_pdf.txt']"
691,801658,"['Muralt,_Johann_von_-_Scientiae_naturalis_seu_physicae_compendium__Zurich_1694_pdf.txt']"
692,801742,"['Triegler,_Johann_Goerg_-_Sphaera__Leipzig_1614_pdf.txt']"
693,801743,"['Rothmaler,_Erasmus_-_Deliciae_poeticae__Gdańsk_1651_pdf.txt']"
694,801744,"['Napier,_John_-_Mrifici_logarithmorum_canonis_descriptio__Ednburgh_1614_pdf.txt']"
695,801745,['Janus_Lernutius_et_al__-_Poemata__Liegnitz_1603_pdf.txt']
696,801746,"['Kepler,_Johannes_-_Tabulae_Rudolphinae__Ulm_1627_pdf.txt']"
697,801750,"['Cardano,_Girolamo_-_Libelli_quinque__Nuremberg_1547_pdf.txt']"
698,804024,"['Maier,_Michael_-_Atalanta_fugiens__Oppenheim_1617_pdf.txt']"
699,804025,"['Brahe,_Tycho_&_Curtz,_Albert_von_-_Historia_coelestis__Augsburg_1666_pdf.txt']"
700,804026,"['Brahe,_Tycho_et_al__-_Epistolae_astronomicae__Uraniborg_1596_pdf.txt']"
701,804027,"['Peano,_Giuseppe_-_Arithemtices_principia__Turin_1889_pdf.txt']"
702,804028,['Applausus_poetici__Innsbruck_1726_pdf.txt']
703,807329,"['Cremonini,_Cesare_-_Apologia_dictorum_Aristotelis__Venice_1613_pdf.txt']"
704,807330,"['De_Roberval,_Gilles_Personne_-_Aristarchi_Samii_de_mundi_systemate__Paris_1644_pdf.txt']"
705,807331,"['Della_Porta,_Giambattista_-_Magia_naturalis__Naples_1558_pdf.txt']"
706,807332,"['Drebbel,_Cornelis_Jacobszoon_-_De_quinta_essentia__Hamburg_1621_pdf.txt']"
707,807388,"['Bernoulli,_Jakob_-_Ars_conectandi__Basel_1713_pdf.txt']"
708,807407,"['Kaempfer,_Engelbert_-_Amoenitates_exoticae__Lemgo_1712_pdf.txt']"
709,807622,"['Bettini,_Mario_-_Aerarium_philosophiae_mathematicae__Vol__1__Bologna_1648_pdf.txt']"
710,807623,"['Bettini,_Mario_-_Aerarium_philosophiae_mathematicae__Vol__2__Bologna_1648_pdf.txt']"
711,807624,"['Bettini,_Mario_-_Aerarium_philosophiae_mathematicae__Vol__3__Bologna_1648_pdf.txt']"
712,807625,"['Bartholin,_Caspar_-_Anatomicae_institutiones__Wittenberg_1611_pdf.txt']"
713,807626,"['Kepler,_Johannes_-_Astronomia_nova__Heidelberg_1609_pdf.txt']"
714,807627,"['Ptolemaeus,_Clauds_et_al__-_Cosmographia__Vicenza_1475_pdf.txt']"
715,807648,"['Mersenne,_Marin_-_Cogitata_physico-mathematica__Paris_1644_pdf.txt']"
716,808106,"['Aristotle_&_Gaza,_Theodorus_-_De_animalibus__Venice_1476_pdf.txt']"
717,808107,"['Borelli,_Giovanni_Alfonso_-_De_motu_animalium__Vol__1__Rome_1680_pdf.txt']"
718,808108,['Miscellanea_Berolinensia_ad_incrementum_scientiarum_ex_scriptis_Societati_Regiae_Scientiarum_exhibitis_edita__Berlin_1710_pdf.txt']
719,808109,"['Vida,_Marco_Girolamo_-_Opera__Lyon_1536_pdf.txt']"
720,808110,"['Borelli,_Giovanni_Alfonso_-_De_motu_animalium__Vol__2__Rome_1681_pdf.txt']"
721,808145,"['Tschudi,_Aegidius_-_De_prisca_ac_vera_alpina_Rhaetia__Basel_1538_pdf.txt']"
722,808146,"['Galvani,_Luigi_-_De_viribus_electricitatis_in_motu_musculari_commentarius__Mantova_1792_pdf.txt']"
723,808352,"['Colombo,_Cristoforo_&_Cosco,_Leander_de_-_Epistola_de_insulis_Indiae_supra_Gangem_nuper_inventis__Rome_1493_pdf.txt']"
724,808353,['Ephemerides_Societatis_Meteorologicae_Palatinae__Historia_et_observationes_anni_1781__Mannheim_1783_pdf.txt']
725,808813,"['Coiter,_Volcher_-_Externarum_et_internarum_principalium_humani_corporis_partium_tabulae__Nuremberg_1572_pdf.txt']"
726,816414,['Quellen_zur_Schweizer_Geschichte__Vol_6__Basel_1884_pdf.txt']
727,816415,"['Salvaing_de_Boissieu,_Denise_de_-_Septem_miracula_Delphinatus__Grenoble_1656_pdf.txt']"
728,816416,"['Hippocrates_&_Leonberger,_Georg_-_Hippocratis_Coi_medicinae_et_medicorum_omnium_principis_Aphorismorum_et_sententiarum_medicarum_libri_septem__Nurembe.txt']"
729,816417,"['Finck,_Thomas_-_Geometria_rotundi__Basel_1583_pdf.txt']"
730,816419,"['Conring,_Hermann_&_Scheffer,_Sebastian_-_Introduction_in_universam_artem_medicam__Halle_&_Leipzig_1726_pdf.txt']"
731,819057,"['Guarinonius,_Hippolytus_-_Chylosophia_academica__Innsbruck_1648_pdf.txt']"
732,819058,"['Kopernikus,_Nikolaus_-_De_revolutionibus_orbium_coelestium__Nuremberg_1543_pdf.txt']"
733,822454,['Saladinus_de_Asculo_-_Aromatariorum_compendium__Bologna_1488_pdf.txt']
734,823046,"['Kepler,_Johannes_-_Mysterium_cosmographicum__Tübingen_1596_pdf.txt']"
735,823047,['Miscellanea_Berolinensia_ad_incrementum_scientiarum__Vol__4__Berlin_1734_pdf.txt']
736,823048,"['Dürer,_Albrecht_&_Camerarius,_Joachim_-__De_symmetria_partium_humanorum_corporum__Paris_1557_pdf.txt']"
737,823074,"['Dasypodius,_Konrad_-_ΛΕΞΙΚΟΝ_(Lexikon)_seu_dictionarium_mathematicum__Strasbourg_1573_pdf.txt']"
738,823075,['Strabo_&_Guarinus_Veronensis_&_Gregorius_de_Tipherno_-_Strabo_de_situ_orbis__Venice_1502_pdf.txt']
739,823076,"['Sacrobosco,_Johannes_de_&_Burgersdijck,_Franco_-_Sphaera_in_usum_scholarum__Leiden_1626_pdf.txt']"
740,823077,"['Proclus,_Diadochus_&_Barozzi,_Francesco_-_Procli_in_primum_Euclidis_Elementorum_librum_Commentaria__Padua_1560_pdf.txt']"
741,823078,"['Paulus_Aegineta_&_Winter,_Johann_-_Opus_de_re_medica__Paris_1532_pdf.txt']"
742,823079,"['Daniel,_Gabriel_-_Iter_per_mundum_Cartesii__Amsterdam_1694_pdf.txt']"
743,823080,['Ps_-Ptolemy_&_Georgius_Trapezuntius_-_In_Ptolemaei_centum_aphorismos_commentarius__Cologne_1544_pdf.txt']
744,823081,"['Zwinger,_Theodor_-_In_Artem_medicinalem_Galeni_tabulae_et_commentarii__Basel_1561_pdf.txt']"
745,826785,"['Peuerbach,_Georg_von_-_Theoricae_novae_planetarum__Nuremberg_1472_pdf.txt']"
746,826804,"['Sacrobosco,_Johannes_de_-_Sphaera__Paris_1545_pdf.txt']"
747,830008,"['Georg,_Tannstetter_Collimitius_(ed_)_-_Tabulae_eclipsium_magistri_Georgi_Peuerbachii__Viena_1514_pdf.txt']"
748,830009,"['Galenus_&_Gessner,_Conrad_-_Claudii_Galeni_Pergameni_omnia,_quae_extant,_in_Latinum_sermonem_conversa__Vol__1__Basel_1562_pdf.txt']"
749,831509,"['Scaliger,_Joseph_Juste_-_In_Manilii_quinque_libros_Astronomicon_commentarius_et_castigationes__Paris_1579_pdf.txt']"
750,831510,"['Oddi,_Oddo_degli_-_In_primam_fen_primi_libri_Canonis_Avicennae_expositio__Venice_1575_pdf.txt']"
751,831511,"['Pappus_Alexandrinus_&_Commandino,_Federico_-_Pappi_Alexandrini_Mathematicae_collectiones__Pesaro_1588_pdf.txt']"
752,831512,"['Avicenna_&_Gentilis,_de_Fulgineo_&_degli_Emanuelli,_Bartolomeo_-_Super_dicta_Gentilis_super_definitione_de_febre_data_ab_Avicenna__Rome_1524_pdf.txt']"
753,831513,"['Ciruelo,_Pedro_-_Apotelesmata_astrologiae_Christianae__Madrid_1521_pdf.txt']"
754,831540,"['Scaliger,_Joseph_-_De_emendatione_temporum__Paris_1583_pdf.txt']"
755,833195,"['Brasavola,_Antonio_Musa_-_Index_refertissimus_in_omnes_Galeni_libros__Venice_1586_pdf.txt']"
756,833197,"['Gregory,_David_-_Astronomiae_physicae_et_geometricae_elementa__Oxford_1702_pdf.txt']"
757,833198,"['Rheticus,_Georg_Joachim_&_Otho,_Lucius_Valentinus_-_Opus_palatinum_de_triangulis__Neustandt_an_der_Weinstraße_1596_pdf.txt']"
758,835246,"['Elsholtz,_Johann_Sigismund_-_De_phosophoris_quattuor_observatio__Berlin_1676_pdf.txt']"
759,835247,"['Hessus,_Eobanus_-_De_bona_valetudine_libellus__Frankfurt_am_Main_1564_pdf.txt']"
760,835248,['Miscellanea_Tigurina__Vol__3__Zurich_1724_pdf.txt']
761,835250,"['Commentationes_societatis_regiae_scientiarum_Gottingensis_recentiores__Vol__6,_Göttingen_1827_pdf.txt']"
762,835556,"['Celtis,_Konrad_-_Quattuor_libri_amorum_secundum_quattour_latera_Germaniae_feliciter_incipiunt__Nuremberg_1502_pdf.txt']"
763,835557,"['Gessner,_Conrad_(ed_)_-_Valerii_Cordi_Simesusii_Annotationes_in_Pedacii_Dioscorides_Anazarbei_de_medica_materia_libros_V__Strasbourg_1561_pdf.txt']"
764,837030,"['Bošković,_Ruđer_Josip_-_Dissertatio_de_maris_aestu__Rome_1747_pdf.txt']"
765,839338,"['Alsted,_Johann_Heinrich_-_Physica_harmonica__Herborn_1616_pdf.txt']"
766,839339,"['Burnet,_Thomas_-_Telluris_theoria_sacra__London_1681_pdf.txt']"
767,839340,"['Hevelius,_Johannes_-_Selenographia__Gdańsk_1647_pdf.txt']"
768,839341,"['Juncker,_Christian_-_Schediasma_historicum_de_ephemeridibus__Leipzig_1692_pdf.txt']"
769,839342,"['Lansbergen,_Philips_van_-_Tabulae_motuum_coelestium_perpetuae__Middelburg_1632_pdf.txt']"
770,841471,"['Benedetti,_Giovanni_Battista_-_Diversarum_speculationum_mathematicarum_et_physicarum_liber__Turin_1585_pdf.txt']"
771,841472,"['Ficino,_Marsilio_-_Opera_omnia__Basel_1576_pdf.txt']"
772,841473,"['Galesio,_Agostino_-_De_terraemotu_liber__Bologna_1571_pdf.txt']"
773,841474,"['Hippocrates_&_Galenus,_&_Cruser,_Hermann_-_Hippocratis_De_natura_humana_liber_cum_commentariis_Galeni__Paris_1534_pdf.txt']"
774,841475,"['Pio,_Giovanni_Battista_-_In_Carum_Lucretium_poetam_Commentarii_-_Bologna_1514_pdf.txt']"
775,842536,"['Saia,_Nonio_Marcello_-_Tractatus,_in_quo_terram_esse_aqua_maiorem_demonstratur__Paris_1585_pdf.txt']"
776,845314,"['Crüger,_Peter_-_Uranodromus_cometicus__Gdańsk_1619_pdf.txt']"
777,845315,"['Dobrzensky,_Jacobus_Johannes_Wenceslaus_-_Nova_et_amoenior_de_admirando_fontium_genio_philosophia__Ferrara_1659_pdf.txt']"
778,845316,"['Fracastoro,_Girolamo_-_Homocentrica__Venice_1538_pdf.txt']"
779,845317,"['Hondius,_Jodocus_-_Nova_et_accurata_Italiae_hodiernae_descriptio__Amsterdam_1626_pdf.txt']"
780,845318,"['Kircher,_Athanasius_-_Phonurgia_nova__Kempten_(Allgäu)_1673_pdf.txt']"
781,845319,"['Scheiner,_Christoph_-_Refractiones_coelestes__Ingolstadt_1617_pdf.txt']"
782,849400,"['Stensen,_Niels_-_De_solido_intra_solidum_naturaliter_contento__Florence_1669_pdf.txt']"
783,862096,"['Hirsch,_Siegfried_-_Amussis_Ferdinandea__Munich_1654_pdf.txt']"
784,862097,"['Viète,_François_-_In_artem_analyticem_isagoge__Tours_1591_pdf.txt']"
785,862098,"['Curtz,_Albert_von_-_Problema_Austriacum__Munich_1653_pdf.txt']"
786,862099,"['Euler,_Leonhard_-_Dissertatio_de_magnete__Paris_1748_pdf.txt']"
787,862100,"['Sfondrati,_Pandolfo_-_Causa_aestus_maris__Ferrara_1590_pdf.txt']"
788,863735,['Commentarii_de_rebus_in_scientia_naturali_et_medicina_gestis__Vol__27__Leipzig_1785_pdf.txt']
789,863736,['Acta_eruditorum_1700__Leipzig_1700_pdf.txt']
790,863737,"['Huygens,_Christian_-_Kosmotheoros__The_Hague_1698_pdf.txt']"
791,863738,['Nova_Acta_Eruditorum_1776__Leipzig_1776_pdf.txt']
792,864507,"['Fahrenheit,_Daniel_Gabriel_-_Experimenta_et_observationes_de_congelatione_aquae_in_vacuo_factae__London_1724_pdf.txt']"
793,864508,['De_Bononiensi_scientiarum_et_artium_instituto_atque_academia_commentarii__Vol__4__Bologna_1757_pdf.txt']
794,864509,"['Lloyd,_Philipp_-_De_partium_septentrionalium_quibusdam_affectibus_et_remediis__1699_pdf.txt']"
795,864510,['Commentarii_Academiae_Scientiarum_Imperialis_Petropolitanae__Vol__3__Saint_Petersburg_1732_pdf.txt']
796,864511,['Commentarii_Academiae_Scientiarum_Imperialis_Petropolitanae__Vol__5__Saint_Petersburg_1738_pdf.txt']
797,865568,"['Seelhoff,_Paul_Peter_Heinrich_-_Nova_methodus_numeros_compositos_a_primis_dignoscendi__Baltimore_1885_pdf.txt']"
798,865569,"['Newton,_Isaac_-_Mr__Newtons_Letter,_being_an_Answer_to_the_Letter_of_P__Pardies__London_1672_pdf.txt']"
799,868519,"['Kyber,_David_-_Lexicon_rei_herbariae_trilingue__Strasbourg_1553_pdf.txt']"
800,868571,"['Olhoff,_Johann_Erich_-_Excerpta_ex_litteris_ad_Iohannem_Hevelium_perscriptis__Gdańsk_1683__pdf.txt']"
801,868572,"['Vespucci,_Amerigo_-_Mundus_novus__Augsburg_1504_pdf.txt']"
802,888129,"['Castelli,_Bartolomeo_-_Lexicon_medicum_Graecolatinum__Messina_1598_pdf.txt']"
803,888130,"['Blankaart,_Steven_-_Lexicon_medicum_Graeco-Latinum__Ed__Kühn__Vol__2__Leipzig_1832_pdf.txt']"
804,888131,"['Blankaart,_Steven_-_Lexicon_medicum_Graeco-Latinum__Ed__Kühn__Vol__1__Leipzig_1832_pdf.txt']"
805,888132,"['Vitali,_Girolamo_-_Lexicon_mathematicum,_astronomicum,_geometricum__Paris_1668_pdf.txt']"
806,888133,"['Jungius,_Joachim_-_Isagoge_Pyhtoscopica__Hamburg_1678_pdf.txt']"
807,888134,"['Dasypodius,_Konrad_-_Institutionum_mathematicarum_erotemata__Strasbourg_1593_pdf.txt']"
808,888136,"['Brunfels,_Otto_-_Onomasticon_medicinae__Strasbourg_1534_pdf.txt']"
809,888137,"['Champier,_Symphorien_-_Vocabulorum_medicinalium_epitoma__Lyon_1508_pdf.txt']"
810,888138,"['Foësius,_Anutius_-_Oeconomia_Hippocratis__Frankfurt_am_Main_1588_pdf.txt']"
811,888139,"['Junius,_Hadrianus_-_Nomenclator_omnium_rerum__Antwertp_1567_pdf.txt']"
812,888346,"['Nemnich,_Philipp_Andreas_-_Lexicon_nosologicum_polyglotton__Hamburg_1801_pdf.txt']"
813,888526,"['Galilei,_Galileo_-_Sidereus_nuntius__Venice_1610_pdf.txt']"
814,890736,"['Neucrantz,_Paul_-_De_harengo_exercitatio_medica__Lübeck_1654_pdf.txt']"
815,890750,"['Dornau,_Caspar_-_Felicitas_saeculi__Beuthen_1617_pdf.txt']"
816,891042,"['Planer,_Johann_Andreas_&_Plesöczi,_Martinus_-_De_nive_dissertatio_prima__Wittenberg_1695_pdf.txt']"
817,891043,"['Planer,_Johannes_Andreas_&_Schmeltzer,_Christian__De_nive_dissertatio_secunda__Wittenberg_1695_pdf.txt']"
818,891044,"['Schurzfleisch,_Konrad_Sameul_&_Hofmann,_Johann_Georg_-_De_nive__Wittenberg_1665_pdf.txt']"
819,897258,"['Fehr,_Johann_Michael_-_Hiera_picra__Leipzig_1668_pdf.txt']"
820,897259,"['Detharding,_Georg_Christoph_-_Invitatio_ad_anatomiam_publicam__Rostock_1753_pdf.txt']"
821,897260,"['Ryff,_Walterh_Hermann_-_Iatromathematicae_enchiridion__Strasbourg_1542_pdf.txt']"
822,897281,"['Frey,_Janus_Caecilius_-_Opuscula_varia__Paris_1646_pdf.txt']"
823,897282,"['Kulmus,_Johann_Adam_-_Descriptio_anatomico-physiologica_alicuius_foetus_monstrosi__Gdańsk_1724_pdf.txt']"
824,897283,"['Schulze,_Johann_Heinrich_-_Historia_medicinae__Leipzig_1728_pdf.txt']"
825,897284,"['Schönborn,_Samuel_-_Manuale_medicinae_practicae_Galenico-chymicae__Gdańsk_1637_pdf.txt']"
826,897301,"['Cunitz,_Maria_-_Urania_propitia__Pitschen_&_Oels_1650_pdf.txt']"
827,897956,"['Gemma_Frisius,_Rainer_&_Peletier,_Jacques_-_Arithmeticae_practicae_methodus_facilis__Paris_1545_pdf.txt']"
828,897957,"['Sacrobosco,_Johannes_de_&_Fabri,_Wenceslaus_-_Opusculum_spericum_cum_commento_et_figuris__Leipzig_c__1495_pdf.txt']"
829,897958,"['Descartes,_René_et_al__-_Geometria_a_Renato_des_Cartes_edita_Amsterdam_1659–1661_pdf.txt']"
830,898561,"['Dodoens,_Rembert_-_De_sphaera__Antwertp_1584_pdf.txt']"
831,898562,"['Galilei,_Galileo_-_Systema_cosmicum__Leiden_1699_pdf.txt']"
832,898563,"['Mizauld,_Antoine_-_Cosmologia__Paris_1571_pdf.txt']"
833,898564,"['Quillet,_Claude_-_Callipaedia_-_Paris__1656_pdf.txt']"
834,898565,['Deliciae_poetarum_Scotorum_huius_aevi_illustrium__Vol__2__Amsterdam_1637_pdf.txt']
835,899968,"['Huygens,_Constantijn_-_Momenta_desultoria__Den_Haag_1655_pdf.txt']"
836,899969,"['Finé,_Oronce_-_Quadratura_circuli_____Paris_1544_pdf.txt']"
837,899970,"['Wallis,_John_-_Arithmetica_infinitorum__Oxford_1656_pdf.txt']"
838,899971,"['Widmann,_Johannes_-_Algorithmus_minutiarum_vulgarium__Leipzig_c__1490_pdf.txt']"
839,900763,"['Costeo,_Giovanni_&_Mongio,_Paolo_-_Avicennae_canon_medicinae__Vol__1__Venice_1595_pdf.txt']"
840,900764,"['Altavilla,_Benedetto_-_Animadversiones_in_ephemeridas__Turin_1580_pdf.txt']"
841,900765,"['Froidmont,_Libert_-_Ant-Aristarchus__Antwertp_1631_pdf.txt']"
842,900767,"['Owen,_Johan_-_Epigrammatum_libri_tres__Amberg_1608_pdf.txt']"
843,901014,"['Kepler,_Johannes_-_Astronomiae_pars_optica__Frankfurt_am_Main_1604_pdf.txt']"
844,901015,"['Lossius,_Lucas_-_Arithmetices_erotemata_puerilia__Frankfurt_an_der_Oder_1557_pdf.txt']"
845,901016,"['Maurolico,_Francesco_-_Arithmeticorum_libri_II__Venice_1575_pdf.txt']"
846,901017,"['Campanella,_Tommaso_-_Apologia_pro_Galileo__Frankfurt_am_Main__1622_pdf.txt']"
847,901145,['Bartholomaeus_de_Montagna_-_Consilia__Venice_1565_pdf.txt']
848,902199,"['Egloff_von_Staadthoff,_Franz_Carl_Anton_&_Bacchettoni,_Geronimo_-Anthropologia_anatomike__Innsbruck_1726_pdf.txt']"
849,902200,"['Kepler,_Johannes_-_Epitome_astronomiae_Copernicanae__Linz_&_Frankfurt_am_Main_1618–1621_pdf.txt']"
850,902201,"['MagIni,_Giovanni_Antonio_-_Confutatio_diatribae_Scaligeri_de_aequinoctiorum_praecessione__Rome_1617_pdf.txt']"
851,902202,"['Piccolomini,_Alessandro_-_In_mechanicas_quaestiones_Aristotelis_paraphrasis__Rome_1547_pdf.txt']"
852,902259,"['Metz,_Andreas_-_De_adaequata_exponentis_notione__Würzburg_1820_pdf.txt']"
853,902261,"['Apian,_Petrus_-_Cosmographicus_liber__Landshut_1524_pdf.txt']"
854,902262,['Deliciae_poetarum_Scotorum_huius_aevi_illustrium__Vol__1__Amsterdam_1637_pdf.txt']
855,902274,"['Fermat,_Pierre_de_-_Varia_opera_mathematica__Toulouse_1679_pdf.txt']"
856,902426,"['Fabricius_ab_Aquapendente,_Hieronymus_-_De_locutione_et_eius_instrumentis__Frankfurt_am_Main_1624_pdf.txt']"
857,902427,"['MagIni,_Giovanni_Antonio_-_De_planis_trangulis__De_dimetiendi_ratione__Venice_&_Bologna_1592_pdf.txt']"
858,902428,"['Magini,_Giovanni_Antonio_-_Ephemerides_ab_anno_Domini_1598_usque_ad_annum_1610__Venice_1599_pdf.txt']"
859,904417,"['Santorio,_Santorio_-_De_statica_medicina__Venice_1614_pdf.txt']"
860,904418,"['Huygens,_Christiaan_-_Exercitationum_mathematicarum_liber_V__Leiden_1657_pdf.txt']"
861,904419,"['Boncompagni,_Baldassarre_&_al-Khwarizmi,_Muhammad_ibn_Musa_-_De_numero_Indorum__Rome_1857_pdf.txt']"
862,904450,"['Borgondio,_Orazio_-_De_telluris_motu__Rome_1714_pdf.txt']"
863,904451,['Commentationes_Societatis_Regiae_Scientiarum_Gottingensis__Vol__10__Göttingen_1791_pdf.txt']
864,904452,['Commentationes_Societatis_Regiae_Scientiarum_Gottingensis__Vol__11__Göttingen_1793_pdf.txt']
865,904453,['Commentationes_Societatis_Regiae_Scientiarum_Gottingensis__Vol__12__Göttingen_1796_pdf.txt']
866,904454,['Commentationes_Societatis_Regiae_Scientiarum_Gottingensis__Vol__14__Göttingen_1800_pdf.txt']
867,904455,['Commentationes_Societatis_Regiae_Scientiarum_Gottingensis__Vol__16__Göttingen_1808_pdf.txt']
868,904456,"['Cortese,_Pietro_-_Discursus_astronomicus_novissimus__Palermo_1642_pdf.txt']"
869,904457,"['Pico_della_Mirandola,_Giovanni_-_Opera_omnia__Basel_1557_pdf.txt']"
870,904471,"['Payr,_Franz_Friedrich_-_Dissertatio_de_diaeta_litteratorum__Innsbruck_1743_pdf.txt']"
871,904631,"['Huswirt,_Johannes_-_Enchiridion_novus_algorismi__Cologne_1501_pdf.txt']"
872,905698,"['Stansel,_Valentin_-_Legatus_uranicus__Prague_1683_pdf.txt']"
873,906071,['Musschenbroek_Petrus_van_-_Epitome_elementorum_physico-mathematicorum__Leiden_1726_pdf.txt']
874,906080,"['Jacobi,_Carl_Gustav_Jacob_-_Fundamenta_nova_theoriae_functionum_ellipticarum__Königsberg_1829_pdf.txt']"
875,906081,"['Finé,_Oronce_-_Protomathesis__Paris_1532_pdf.txt']"
876,906083,"['Reinhold,_Erasmus_-_Prutenicae_tabulae__Tübingen_1551_pdf.txt']"
877,906120,"['Euler,_Leonhard_-_Introductio_in_analysin_infinitorum__Lausanne_1748_pdf.txt']"
878,906121,"['Haller,_Albrecht_von_-_Iter_Helveticum__Göttingen_1740_pdf.txt']"
879,906122,"['Marius,_Simon_-_Mundus_Iovialis__Nuremberg_1614_pdf.txt']"
880,906123,"['Melanchthon,_Philipp_-_Initia_doctrinae_physicae__Wittenberg_1549_pdf.txt']"
881,906154,"['Reuss,_Jeremias_David_-_Repertorium_commentationum__Vol__11__Göttingen_1816_pdf.txt']"
882,906155,"['Reuss,_Jeremias_David_-_Repertorium_commentationum__Vol__12__Göttingen_1817_pdf.txt']"
883,906156,"['Reuss,_Jeremias_David_-_Repertorium_commentationum__Vol__13__Göttingen_1818_pdf.txt']"
884,906157,"['Bolyai,_Farkas_-_Tentamen_iuventutem_studiosam_in_elementa_matheseos_purae_introducendi__Târgu_Mureș_1832_pdf.txt']"
885,906158,"['Reuss,_Jeremias_David_-_Repertorium_commentationum__Vol__14__Göttingen_1820_pdf.txt']"
886,906159,"['Reuss,_Jeremias_David_-_Repertorium_commentationum__Vol__15__Göttingen_1820_pdf.txt']"
887,906160,"['Reuss,_Jeremias_David_-_Repertorium_commentationum__Vol__16__Göttingen_1821_pdf.txt']"
888,906162,"['Caturegli,_Pietro_-_Ephemerides_motuum_caelestium_ex_anno_1829_in_annum_1832__Bologna_1828_pdf.txt']"
889,906163,"['Boncompagni,_Baldassarre_&_Leonardus,_Pisanus_-_Liber_abaci__Rome_1857_pdf.txt']"
890,906182,"['Weinhart,_Ignaz_-_Quaestiones_et_responsa_ex_arithmetica_vulgari,_algebra_et_geometria__Innsbruck_1765_pdf.txt']"
891,906183,"['Störck,_Anton_von_et_al__-_Pharmacopoea_Austriaco-Provincialis_emendata__Vienna_1794_pdf.txt']"
892,906184,['Nova_Acta_Eruditorum_1761__Leipzig_1761_pdf.txt']
893,906185,"['Linné,_Carl_von_-_Species_plantarum__Vol__1__Stockholm_1753_pdf.txt']"
894,906186,"['La_Hire,_Philippe_de_-_Tabulae_astronomicae_Ludovici_magni_iussu_et_munificentia_exaratae__Paris_1702_pdf.txt']"
895,906212,"['Lucini,_Paolo_-_Optica__Parma_1793_pdf.txt']"
896,906213,['Novi_Commentarii_Academiae_Scientiarum_Imperialis_Petropolitanae__Vol__17__Saint_Petersburg_1772-1773_pdf.txt']
897,906214,['Nova_literaria_Maris_Balthici_et_septentrionis_edita_MDCXCIX__Lübeck_1699_pdf.txt']
898,906959,"['Reuss,_Jeremias_David_-_Repertorium_commentationum__Vol__1__Göttingen_1801_pdf.txt']"
899,906960,"['Reuss,_Jeremias_David_-_Repertorium_commentationum__Vol__10__Göttingen_1813_pdf.txt']"
900,906961,"['Reuss,_Jeremias_David_-_Repertorium_commentationum__Vol__2__Göttingen_1802_pdf.txt']"
901,906962,"['Reuss,_Jeremias_David_-_Repertorium_commentationum__Vol__3__Göttingen_1803_pdf.txt']"
902,906963,"['Reuss,_Jeremias_David_-_Repertorium_commentationum__Vol__4__Göttingen_1805_pdf.txt']"
903,906964,"['Reuss,_Jeremias_David_-_Repertorium_commentationum__Vol__5__Göttingen_1804_pdf.txt']"
904,906965,"['Reuss,_Jeremias_David_-_Repertorium_commentationum__Vol__6__Göttingen_1806_pdf.txt']"
905,906966,"['Reuss,_Jeremias_David_-_Repertorium_commentationum__Vol__7__Göttingen_1808_pdf.txt']"
906,906967,"['Reuss,_Jeremias_David_-_Repertorium_commentationum__Vol__8__Göttingen_1810_pdf.txt']"
907,906968,"['Reuss,_Jeremias_David_-_Repertorium_commentationum__Vol__9__Göttingen_1810_pdf.txt']"
908,906981,"['Heffner,_Johann_Carl_-_Museum_disputatorium_physico-medicum__Vol__1_2__Zittau_1756_pdf.txt']"
909,906982,"['Heffner,_Johann_Carl_-_Museum_disputatorium_physico-medicum__Vol__1_1__Zittau_1756_pdf.txt']"
910,906983,"['Heffner,_Johann_Carl_-_Museum_disputatorium_physico-medicum__Vol__1_3__Zittau_1756_pdf.txt']"
911,906984,"['Heffner,_Johann_Carl_-_Museum_disputatorium_physico-medicum__Vol__2_1__Zittau_1764_pdf.txt']"
912,906986,"['Heffner,_Johann_Carl_-_Museum_disputatorium_physico-medicum__Vol__2_2-3__Zittau_1764_pdf.txt']"
913,907179,"['Mercator,_Gerhahrd_&_Mercator,_Rumold_-_Atlas_sive_Cosmographicae_meditationes__Duisburg_&_Düsseldorf_1595_pdf.txt']"
914,911543,"['Clavius,_Christoph_&_Euclides_-_Euclidis_elementorum_libri_XV__Rome_1574_pdf.txt']"
915,911544,"['Euclides_&_Campanus,_Johannes_-_Elementa__Venice_1482_pdf.txt']"
916,912314,"['Biancani,_Giuseppe_-_Sphaera_mundi__Bologna_1620_pdf.txt']"
917,912315,"['Bordinus,_Franciscus_-_Quaesitorum_et_responsionum_mathematicae_disciplinae_chilias__Bologna_1573_pdf.txt']"
918,912316,"['Lansbergen,_Philips_van_-_Triangulorum_geometria__Leiden_1591_pdf.txt']"
919,912317,"['Maurolico,_Francesco_-_Opuscula_mathematica__Venice_1575_pdf.txt']"
920,912763,"['Honterus,_Johannes_-_Rudimentorum_cosmographiae_libri_duo__Kraków_1534_pdf.txt']"
921,913057,"['Linné,_Carl_von_-_Amoenitates_academicae__Vol__1__Stockholm_&_Leiden_1749_pdf.txt']"
922,913058,"['Linné,_Carl_von_-_Amoenitates_academicae__Vol__10__Erlangen_1790_pdf.txt']"
923,913059,"['Linné,_Carl_von_-_Amoenitates_academicae__Vol__2__Stockholm_1751_pdf.txt']"
924,913060,"['Linné,_Carl_von_-_Amoenitates_academicae__Vol__3__Stockholm_1756_pdf.txt']"
925,913061,"['Linné,_Carl_von_-_Amoenitates_academicae__Vol__4__Stockholm_1759_pdf.txt']"
926,913062,"['Linné,_Carl_von_-_Amoenitates_academicae__Vol__5__Stockholm_1760_pdf.txt']"
927,913063,"['Linné,_Carl_von_-_Amoenitates_academicae__Vol__6__Stockholm_1763_pdf.txt']"
928,913064,"['Linné,_Carl_von_-_Amoenitates_academicae__Vol__7__Stockholm_1769_pdf.txt']"
929,913065,"['Linné,_Carl_von_-_Amoenitates_academicae__Vol__8__Erlangen_1785_pdf.txt']"
930,913066,"['Linné,_Carl_von_-_Amoenitates_academicae__Vol__9__Erlangen_1785_pdf.txt']"
931,914297,"['Rumpf,_Georg_Eberhard_-_Herbarium_Amboinense__Vol__1__Amsterdam_1741_pdf.txt']"
932,914298,"['Rumpf,_Georg_Eberhard_-_Herbarium_Amboinense__Vol__2__Amsterdam_1741_pdf.txt']"
933,914299,"['Rumpf,_Georg_Eberhard_-_Herbarium_Amboinense__Vol__3__Amsterdam_1743_pdf.txt']"
934,914300,"['Rumpf,_Georg_Eberhard_-_Herbarium_Amboinense__Vol__4__Amsterdam_1743_pdf.txt']"
935,914301,"['Rumpf,_Georg_Eberhard_-_Herbarium_Amboinense__Vol__5,1__Amsterdam_1750_pdf.txt']"
936,914302,"['Rumpf,_Georg_Eberhard_-_Herbarium_Amboinense__Vol__5,2__Amsterdam_1750_pdf.txt']"
937,914303,"['Rumpf,_Georg_Eberhard_-_Herbarium_Amboinense__Vol__6,2__Amsterdam_1750_pdf.txt']"
938,914304,"['Rumpf,_Georg_Eberhard_-_Herbarium_Amboinense__Vol__6_,1_Amsterdam_1750_pdf.txt']"
939,914309,"['Passe,_Crispijn_van_de,_the_younger_-_Hortus_floridus__Arnhem_1614_pdf.txt']"
940,915096,"['Goldbach,_Christian_-_Letter_to_Euler_20-31_Juliy_1730_pdf.txt']"
941,915172,"['Archimedes_&_Gaurico,_Luca_-_Tetragonismus__Venice_1503_pdf.txt']"
942,915173,"['Brunfels,_Otto_-_Herbarum_vivae_eicones__Vols__1-2__Strasbourg_1530-1531_pdf.txt']"
943,915175,"['Newton,_Isaac_&_Castillon,_Johann_-_Isaaci_Newtoni_opuscula_mathematica,_philosophica_et_philologica__3_vols__Lausanne_&_Geneva_1744_pdf.txt']"
944,915239,"['Bessel,_Friedrich_Wilhelm_-_Tabulae_Regimontanae_reductionum__Königsberg_1830_pdf.txt']"
945,915240,"['Stifel,_Michael_-_Arithmetica_integra__Nuremberg_1544_pdf.txt']"
946,918505,"['Borrhaus,_Martin_-_ΜΑΘΗΜΑΤΩΝ_ΣΤΟΙΧΕΙΑ_(Mathematon_stoicheia)__Strasbourg_1539_pdf.txt']"
947,918506,"['Schöner,_Johannes_-_Tabulae_resolutae_astronomicae__Wittenberg_1587_pdf.txt']"
948,918507,"['Vesling,_Johann_-_Syntagma_anatomicum__Padua_1641_pdf.txt']"
949,918508,"['Apian,_Petrus_-_Quadrans_Apiani_astronomicus__Ingolstadt_1532_pdf.txt']"
950,918509,"['Wallis,_John_-_Opera_mathematica__Vol__1__Oxford_1657_pdf.txt']"
951,918510,"['Sturm,_Johann_Christoph_-_Mathesis_iuvenilis__Vol__2__Nuremberg_1701_pdf.txt']"
952,918511,"['Sturm,_Johann_Christoph_-_Mathesis_iuvenilis__Vol__1__Nuremberg_1699_pdf.txt']"
953,918558,"['Scultetus,_Johannes_-_ΧΕΙΡΟΠΛΟΘΗΚΗ_(Cheiroplotheke)__Ulm_1655_pdf.txt']"
954,918559,"['Kircher,_Athanasius_-_Iter_cometae_anni_1664__s__l__1665_pdf.txt']"
955,918652,"['Faulhaber_Johannes_&_Remmelin,_Johann_-_Mathematici_tractatus_duo__Frankfurt_am_Main_1610_pdf.txt']"
956,921412,"['Cavalieri,_Bonaventura_-_Geometria_indivisibilibus_continuorum_promota__Bologna_1653_pdf.txt']"
957,923718,"['Torricelli,_Evangelista_-_Opera_geometrica__Florence_1644_pdf.txt']"
958,928133,"['Origanus,_David_-_Novae_ephemerides_Brandenburgicae__Vol__3__Frankfurt_an_der_Oder_1609_pdf.txt']"
959,928134,"['Origanus,_David_-_Novae_ephemerides_Brandenburgicae__Vol__2__Frankfurt_an_der_Oder_1609_pdf.txt']"
960,928135,"['Origanus,_David_-_Novae_ephemerides_Brandenburgicae__Vol__1__Frankfurt_an_der_Oder_1609_pdf.txt']"
961,928136,"['Martini,_Martino_-_Novus_Atlas_Sinensis__Amsterdam_1655_pdf.txt']"
962,928137,"['Hoffmann,_Friedrich_-_Medicina_rationalis_systematica__Vol__4,4__Halle_1739_pdf.txt']"
963,928138,"['Hoffmann,_Friedrich_-_Medicina_rationalis_systematica__Supplementum__Halle_1740_pdf.txt']"
964,928139,"['Hoffmann,_Friedrich_-_Medicina_rationalis_systematica__Vol__4,5__Halle_1739_pdf.txt']"
965,928140,"['Hoffmann,_Friedrich_-_Medicina_rationalis_systematica__Vol__4,3__Halle_1737_pdf.txt']"
966,928141,"['Hoffmann,_Friedrich_-_Medicina_rationalis_systematica__Vol__4,2__Halle_1732_pdf.txt']"
967,928142,"['Hoffmann,_Friedrich_-_Medicina_rationalis_systematica__Vol__4,1__Halle_1729_pdf.txt']"
968,928143,"['Hoffmann,_Friedrich_-_Medicina_rationalis_systematica__Vol__3__Halle_1727_pdf.txt']"
969,928144,"['Hoffmann,_Friedrich_-_Medicina_rationalis_systematica__Vol__1__Halle_1718_pdf.txt']"
970,928145,"['Hoffmann,_Friedrich_-_Medicina_rationalis_systematica__Vol__2__Halle_1720_pdf.txt']"
971,928146,"['Schott,_Kaspar_-_Magia_universalis_naturae_et_artis__Pars_III_et_IV__Würzburg_1658_pdf.txt']"
972,928147,['Rhazes_&_Gerardus_Cremonensis_et_al__-_In_Almansoris_nonum_collectiones__Padua_1476_pdf.txt']
973,928148,"['Schott,_Kaspar_-_Magia_universalis_naturae_et_artis__Pars_II__Würzburg_1657_pdf.txt']"
974,928149,"['Schott,_Kaspar_-_Magia_universalis_naturae_et_artis__Pars_I__Würzburg_1657_pdf.txt']"
975,928151,"['Cardano,_Girolamo_-_In_Claudio_Ptoelmaei_Perlusiensis_IIII_de_Astrorum_iudiciis_____Basel_1554_pdf.txt']"
976,928152,"['Flamsteed,_John_-_Historia_coelestis_Britannica__Vol__3__London_1725_pdf.txt']"
977,928153,"['Flamsteed,_John_-_Historia_coelestis_Britannica__Vol__2__London_1725_pdf.txt']"
978,928154,"['Flamsteed,_John_-_Historia_coelestis_Britannica__Vol__1__London_1725_pdf.txt']"
979,928156,"['Froriep,_Robert_&_Andorff,_Friedrich_August_-_Atlas_anatomicus__Weimar_1852_pdf.txt']"
980,928186,['Ephemerides_Academiae_Naturae_Curiosorum__Decuria_III__Nuremberg_et_al_1706_pdf.txt']
981,928187,['Acta_eruditorum_1684__Leipzig_1684_pdf.txt']
982,928628,"['Benedetti,_Giovanni_Battista_-_Resolutio_omnium_Euclidis_problematum__Venice_1553_pdf.txt']"
983,928630,"['Viète,_François_-_Canon_mathematicus_seu_ad_triangula__Paris_1579_pdf.txt']"
984,928693,['Anonymus_15_-_Symbolum_Oenipontanum__Innsbruck_1620_pdf.txt']
985,928694,"['Barlaeus,_Caspar_-_Poemata__Vol__2__Amsterdam_1646_pdf.txt']"
986,928695,"['Cavalieri,_Bonaventura_-_Exercitationes_geometricae_sex__Bologna_1647_pdf.txt']"
987,928696,"['Gemma-Frisius,_Cornelis_-_Ephemerides_meteorographicae__Antwerp_1563_pdf.txt']"
988,928697,"['Kepler,_Johannes_-_Chilias_logarithmorum__Marburg_1624_pdf.txt']"
989,928699,"['Newton,_Isaac_-_Philosophiae_naturalis_principia_mathematica__London_1687_pdf.txt']"
990,928701,"['Scheiner,_Christoph_-_Sol_ellipticus__Augsburg_1615_pdf.txt']"
991,928702,['Scriptorum_publice_propositorum_a_gubernatoribus_studiorum_in_Academia_Wittebergensi__Vol__3__Wittenberg_1559_pdf.txt']
992,928886,"['Blaeu,_Joan_-_Theatrum_Sabaudiae__Vol__2__Amsterdam_1682_pdf.txt']"
993,928887,"['Blaeu,_Joan_-_Theatrum_Sabaudiae__Vol__1__Amsterdam_1682_pdf.txt']"
994,928888,"['Candidus,_Pantaleon_-_Tabulae_chronologicae__Strasbourg_1597_pdf.txt']"
995,928889,"['Kepler,_Johannes_&_Bartsch,_Jacob_-_Tabulae_manuales_logarithmicae__Strasbourg_1700_pdf.txt']"
996,928890,"['Ortelius,_Abraham_-_Theatrum_orbis_terrarum__Antwerp_1570_pdf.txt']"
997,928891,"['Regimontanus,_Johannes_-_Tabulae_directionum_profectionumque__Augsburg_1490_pdf.txt']"
998,928892,"['Viète,_François_-_Zeteticorum_libri_quinque__Tours_1593_pdf.txt']"
999,929375,"['Gassendi,_Pierre_-_Opera_omnia__Vol__4__Lyon_1658_pdf.txt']"
1000,929376,"['Gassendi,_Pierre_-_Opera_omnia__Vol__5__Lyon_1658_pdf.txt']"
1001,929377,"['Gassendi,_Pierre_-_Opera_omnia__Vol__6__Lyon_1658_pdf.txt']"
1002,929707,"['Haller,_Albrecht_von_-_Bibliotheca_botanica__2_vols__Zurich_1771-1772_pdf.txt']"
1003,929708,"['Sambucus,_Johannes_-_Icones_veterum_aliquot_ac_recentium_medicorum_philosophorumque__Antwerp_1574_pdf.txt']"
1004,929714,"['Merian,_Maria_Sibylla_-_Metamorphosis_insectorum_Surinamensium__Amsterdam_1719_pdf.txt']"
1005,933014,"['Trotter,_Thomas_-_Dissertatio_de_ebrietate__Edinburgh_1788_pdf.txt']"
1006,949394,"['Botallo,_Leonardo_-_De_curandis_vulneribus_sclopettorum__Lyon_1550_pdf.txt']"
1007,971293,"['Béguin,_Jean_-_Tyrocinium_chymicum__Paris_1612_pdf.txt']"
1008,985903,"['Kepler,_Johannes_-_Nova_stereometria_doliorum__Linz_1615_pdf.txt']"
